0.740067643,219,0.493223939,56,0.227834421,3445
0.784841388,43,0.130372363,4,0.016574125,3254
0.78736737,240,0.740791234,69,0.314155032,4865
0.773812286,26,0.053424004,54,0.192462706,3405
0.769493637,166,0.423981399,25,0.101728015,3889
0.758680681,23,0.069085716,10,0.039527215,3321
0.851757588,257,0.533573356,3,0.010461839,4597
0.721900332,24,0.067656485,7,0.02590645,2818
0.781921243,173,0.383195479,132,0.459240284,3177
0.734796057,172,0.478588584,39,0.138802647,4153
0.725072447,143,0.428213556,9,0.034633356,2767
0.736001886,143,0.386086247,9,0.035050481,3031
0.690048384,171,0.510999273,14,0.05668923,3560
0.668094483,157,0.334499139,34,0.138199109,2549
0.692609458,261,0.838974587,108,0.480715359,3973
0.606308019,27,0.069240683,55,0.26852617,2047
0.58485168,175,0.413498726,93,0.452808923,2619
0.686583533,171,0.292005593,68,0.252461103,3479
0.640004847,187,0.472077556,171,0.672493557,2409
0.589658008,21,0.042897063,3,0.010172876,1586
0.620336527,309,0.917240386,35,0.149089927,3354
0.574689637,20,0.053442552,18,0.070264484,2019
0.646576565,139,0.389062645,29,0.12004402,2337
0.714499904,18,0.031224225,55,0.172487237,3085
0.699536498,19,0.036239228,23,0.071093453,3110
0.736480784,165,0.294840024,64,0.166300037,4116
0.586327873,146,0.380501779,57,0.186439988,2580
0.682598093,403,0.804733523,66,0.20382405,3478
0.673841221,283,0.616637732,47,0.146677881,3281
0.67152309,133,0.257987649,96,0.330230022,3248
0.640110651,386,0.636317021,56,0.177448776,3058
0.719543952,160,0.231133513,56,0.162422449,3487
0.686992656,336,0.622222633,59,0.194093971,2997
0.688857711,241,0.443799108,32,0.100946326,2791
0.747728235,541,0.838051906,73,0.232108589,4771
0.693148345,54,0.123541608,52,0.164504545,3826
0.741570851,261,0.604892115,110,0.355148147,4010
0.70477507,260,0.512969703,102,0.340198603,3222
0.742837768,531,0.807305413,140,0.501217132,5067
0.737089217,411,0.924661959,201,0.776014144,4829
0.692490331,19,0.04901667,24,0.094557689,2352
0.653620849,301,0.511272831,63,0.246094706,2325
0.722569766,317,0.538642091,32,0.113737507,3291
0.614940463,275,0.751073709,32,0.13013468,1976
0.712534741,196,0.472736696,161,0.62764561,2298
0.712569847,47,0.081015015,95,0.344770155,2741
0.746685702,355,0.645002761,26,0.100522738,3237
0.649171222,130,0.256850708,105,0.447986337,1889
0.651652317,490,1.073081163,41,0.16480616,2307
0.658219556,330,0.802257085,66,0.237449946,2440
0.679726745,125,0.181358379,12,0.036457148,2560
0.680436678,97,0.232965522,25,0.096725045,2248
0.713651856,348,0.79641176,101,0.411302259,2882
0.731332133,504,1.174677944,67,0.2683553,3071
0.692547056,412,0.949081874,185,0.7361394,3805
0.682165603,345,0.734078413,179,0.749028463,3154
0.689228296,431,0.813981724,160,0.649529484,3889
0.690462893,259,0.499172736,211,0.816298146,3976
0.70491349,146,0.370227338,29,0.125628545,2803
0.641222358,61,0.185837311,61,0.288051578,2283
0.711991531,389,1.027482679,136,0.579098542,3057
0.701324515,241,0.601137026,53,0.21049136,2888
0.665949602,157,0.464675037,88,0.348886564,2352
0.721857683,262,0.695942211,111,0.386494892,4463
0.771691323,602,1.226914844,240,0.892097314,5177
0.777487462,251,0.384726566,63,0.19234773,3659
0.725536673,260,0.590974612,80,0.266796363,4555
0.707846022,326,0.840499947,121,0.427039312,4199
0.746596617,261,0.561346836,254,0.833984629,4874
0.711670637,262,0.76159898,77,0.255140351,3833
0.784246691,556,0.886094774,81,0.231550195,5299
0.716709691,310,0.80592494,132,0.442015126,3790
0.709627094,430,1.0513941,150,0.522884861,4099
0.763597871,392,0.983878394,172,0.612102805,4242
0.748535284,289,0.733826421,147,0.534852556,4431
0.694018246,258,0.647637511,101,0.349980498,3705
0.704694199,407,1.043988841,113,0.406031811,4157
0.714876987,256,0.573299892,98,0.324547151,3438
0.689776505,491,1.167150218,125,0.443092821,3505
0.755524019,371,0.613752797,77,0.216020706,3882
0.738963736,492,0.979449396,127,0.3874146,4216
0.664438854,254,0.615740835,103,0.309873389,3117
0.73263346,467,1.317877319,248,0.733740945,4743
0.697031524,256,0.528595747,197,0.654130836,3606
0.668066157,398,0.948232691,145,0.477889767,2344
0.672923187,194,0.491782322,27,0.093781187,2420
0.642910942,145,0.295398434,84,0.291527664,3321
0.6345524,56,0.102537463,53,0.197433515,2262
0.652045367,137,0.318993679,156,0.586225186,2380
0.560569316,41,0.077940877,24,0.103520956,1390
0.689243704,48,0.088356526,58,0.197697734,2083
0.541832072,325,0.573645361,105,0.456058443,1863
0.621186076,85,0.166075484,46,0.208550568,2058
0.692237509,202,0.338022224,39,0.150991737,1844
0.567411385,284,1.043636345,292,1.611975311,9299
0.488640765,93,0.293549989,141,0.769008571,5595
0.537126545,647,2.35624329,470,2.392916984,8253
0.525231092,104,0.320976831,360,1.758283194,6331
0.560012551,730,1.477884966,492,1.866433438,11086
0.600809309,354,1.082203168,316,1.527737772,8309
0.521187891,142,0.488967549,125,0.66326353,5937
0.523274422,483,1.644530839,121,0.629805634,6660
0.539872783,550,1.845124026,303,1.516597674,7329
0.534188461,326,1.037019037,209,1.098381478,6283
0.54330479,321,0.880549974,278,1.236023411,8314
0.547725622,309,0.824551203,174,0.875928492,6667
0.565120555,926,2.337584022,341,1.569941742,14076
0.542591502,342,0.974551719,255,1.258758689,9968
0.569415055,922,2.776364848,518,2.442986065,11412
0.550239108,93,0.28395103,346,1.570916704,9838
0.53727568,139,0.484009271,310,1.491989985,13714
0.552078637,925,2.463569902,485,2.054077421,12834
0.571843421,559,1.623370257,352,1.749667447,12180
0.56783123,314,0.951516961,509,2.308081131,10993
0.580642472,704,1.292476697,393,1.512952372,18412
0.599581316,564,1.309717961,338,1.378112874,15759
0.55010754,484,1.137721526,516,1.790318392,10524
0.557463909,581,1.334305423,394,1.359464248,11469
0.58529714,578,1.314209081,503,1.818560708,12921
0.538812932,293,0.707614109,377,1.219260695,11577
0.588003977,872,1.477232114,570,1.675828757,17633
0.575856185,159,0.431360979,380,1.382986606,9151
0.571556057,858,1.629534729,456,1.645209241,9660
0.564388804,306,0.901304115,327,1.176784052,9274
0.54233883,625,1.533838701,379,1.298268313,9221
0.577360156,739,1.997460692,435,1.457624431,11182
0.574489478,883,2.033439464,281,0.996161019,10743
0.570151337,251,0.649128488,347,1.261782486,10787
0.581592274,962,1.835458938,452,1.420714471,15992
0.599713155,355,0.765572998,397,1.565562567,11735
0.564036161,855,1.828574126,395,1.555943129,9530
0.565147785,344,0.832885544,227,0.949957594,7788
0.55718785,605,2.150823703,348,1.37013831,10534
0.562128249,519,1.035689821,286,1.087293735,9304
0.557702639,643,1.6510166,368,1.442671695,9148
0.536962346,278,0.675400947,193,0.881481784,8370
0.551313307,567,1.528692826,317,1.41078681,9055
0.560204412,649,1.855915942,265,1.234130422,7716
0.539527366,323,0.77106852,206,1.101285602,6805
0.532265415,655,1.916519563,284,1.457800203,6590
0.541929327,831,1.932811506,179,0.935598651,8024
0.560734784,807,1.820191424,145,0.685305309,9097
0.504970006,321,0.668060756,161,0.930971118,4648
0.507592363,305,0.662513255,173,0.961470076,5229
0.530122902,799,1.664161607,193,0.915062597,6546
0.574624399,814,1.475407317,352,1.627210907,10278
0.537301965,366,0.972874726,286,1.460403944,6705
0.509731762,474,1.124398903,244,1.186928379,5128
0.523465874,654,1.528761408,304,1.396230753,6402
0.543871499,537,1.254394407,203,0.984027295,6749
0.538109624,796,1.588154828,361,1.293131524,6267
0.559833721,485,1.4208826,273,1.41812405,5568
0.536170849,467,1.409804234,175,0.834465413,6681
0.530846176,593,1.898755351,219,1.100304521,7179
0.556036793,483,1.585426191,265,1.269061874,6223
0.524057091,335,1.109881882,160,0.758258788,7460
0.568831626,751,1.859301131,252,1.101413629,7670
0.550170852,651,1.810742661,368,1.789065557,8060
0.556438023,470,1.436331843,248,1.115161038,6489
0.540593165,383,1.180910295,228,1.05290322,7695
0.545063265,885,2.084744296,343,1.601878539,11057
0.55624635,878,1.969732097,348,1.426242503,11545
0.541126843,312,0.702741343,232,0.944072715,9946
0.543706148,565,1.339710609,346,1.309875117,11200
0.554187083,608,1.856082167,309,1.453591008,9771
0.571342393,348,1.072523859,343,1.56637442,9393
0.554696511,816,1.708414863,365,1.304418239,11158
0.57088678,428,1.094863228,387,1.553840838,10200
0.546030178,455,1.356021686,410,1.544980928,9259
0.521844847,777,1.668662555,409,1.526898137,9410
0.560992065,760,1.834579728,515,1.908110421,9419
0.524106909,744,1.480256358,438,1.553226015,8026
0.565793774,766,1.589830816,367,1.096169193,16930
0.541852566,454,1.297230357,353,1.278178151,8791
0.550577835,433,1.147430999,436,1.510419072,8735
0.557912326,750,2.120692998,532,1.966168089,9901
0.52009288,419,0.925088076,391,1.356671153,7344
0.550660693,622,1.877696004,406,1.432628113,8008
0.550742542,433,1.160107567,349,1.241755148,7730
0.553711013,245,0.683697978,384,1.38098981,8703
0.542073954,791,1.376362805,430,1.413463396,12939
0.544284351,337,1.007107424,425,1.687118546,9069
0.556003718,521,1.124791265,278,1.056830545,9955
0.56283554,458,1.234542145,295,1.183609921,9153
0.557303475,795,2.098803533,314,1.234877175,7521
0.645147371,478,1.436598075,282,1.11211343,8051
0.68558296,507,1.5134241,347,1.40704336,11374
0.725540727,423,1.187386577,190,0.775783197,8240
0.753169164,500,1.235866678,179,0.715697363,9653
0.774938693,565,1.202665777,244,0.97703744,7717
0.756641497,557,1.786999324,223,0.993486401,6507
0.736728643,439,1.131206513,154,0.755472171,8292
0.76929884,482,1.056355901,246,1.01987955,7012
0.779695096,751,1.82672697,272,1.26708589,12445
0.747352384,588,1.701978254,231,1.102367443,7532
0.729020951,570,1.347947997,216,1.051750851,7211
0.775327659,1042,2.137750204,274,1.096075077,9806
0.766236984,785,2.03257577,251,1.046205344,12248
0.734663243,950,1.623348192,333,1.245453245,8910
0.701472186,679,1.840776276,343,1.507183838,5954
0.717900373,772,1.951575075,270,1.061787802,6350
0.722426416,698,2.007691658,402,1.484913956,7045
0.756391477,762,1.556965521,374,1.088432375,7210
0.747380275,760,1.916528196,379,1.566833858,6945
0.752706706,770,2.401216647,301,1.179365673,7260
0.746020182,586,1.736962062,224,0.957174655,7656
0.731111926,732,1.946392218,298,1.206330975,6928
0.758134875,641,1.898266766,320,1.233665764,7240
0.771760665,590,1.634248667,239,0.835227318,8887
0.738815599,360,0.973017336,412,1.62889372,7307
0.756496329,573,1.60925519,249,1.020207222,8726
0.759035553,575,1.248460809,372,1.383947474,9908
0.747510794,496,1.351630768,386,1.486098203,8272
0.723564307,540,1.45941931,425,1.53413842,8041
0.707276986,518,1.195657173,407,1.586033387,7661
0.716444288,536,0.906580111,488,1.529870875,10441
0.643882535,428,1.171337827,309,1.166309053,6839
0.619863331,428,1.02751338,328,1.258549674,7414
0.65611272,497,0.819802443,354,1.120781059,10503
0.592909979,368,0.855723943,306,1.082592295,8170
0.566720238,461,0.868688803,280,0.959646276,7193
0.549722287,496,1.264813011,286,1.014030617,7892
0.573960122,500,0.955695808,241,0.733950365,10093
0.539920812,502,1.526496099,355,1.104732477,8380
0.612913855,447,0.798108744,301,0.776349707,16085
0.589286467,362,0.944208118,250,0.816213354,7935
0.68882657,579,1.157523256,357,1.09889819,9236
0.695084098,438,0.934445046,265,0.816135874,9836
0.717202058,440,0.95815475,199,0.623246917,9519
0.723251421,623,1.394292969,291,0.943904951,10283
0.728825124,538,1.230215732,299,1.026854294,10888
0.732651103,377,0.728640793,272,0.932322937,12042
0.741034374,653,1.07829884,413,1.307614866,14240
0.716714709,857,1.234902789,325,0.94981509,15527
0.744809485,483,0.893356782,341,1.119261211,11687
0.740669043,528,0.972992496,253,0.806193507,11069
0.739339798,487,0.753618041,208,0.662589922,9121
0.741722943,317,0.729466473,189,0.597886239,8757
0.724794878,486,1.127325699,267,0.861776598,11154
0.723388763,457,1.04283674,346,1.134314686,8610
0.731363757,534,1.054659162,280,0.935065902,9447
0.731886212,521,0.792151517,378,1.356731041,9226
0.692307433,316,0.710820678,317,1.224450832,7033
0.702159263,456,1.150436531,311,1.217221061,6922
0.689617588,505,0.858507016,198,0.779213947,8397
0.720868489,421,0.715288941,283,0.993426177,8506
0.664615395,420,1.14715736,316,1.272572046,6242
0.673459196,291,0.701337518,352,1.367987135,5464
0.672149146,495,0.959723368,225,0.853975617,6076
0.737313476,506,0.876970681,252,0.915769137,10345
0.715272779,380,0.689945242,185,0.709568325,9430
0.650338367,556,1.09801032,290,1.237639952,4887
0.689601376,453,0.991080388,301,1.211624131,6325
0.695884296,505,1.08037726,253,1.001044501,6989
0.645347715,389,0.947325268,262,0.944943598,5678
0.661114052,516,0.748980369,336,0.996298358,8390
0.733392113,452,1.086081388,303,1.193363678,7270
0.7009992,496,1.132560581,298,1.213259929,5923
0.700516489,519,1.209184029,248,0.985856725,6939
0.680595953,363,0.837302094,249,0.990663093,6642
0.675079655,588,1.250065613,229,0.956927786,8128
0.679989542,364,0.687688026,246,0.998446549,7319
0.677675312,430,0.826447866,237,0.918446887,8563
0.760985704,629,1.597958924,187,0.815492804,8335
0.785145938,348,1.053792319,325,1.5260126,6987
0.825063339,481,1.268472564,323,1.375621239,9272
0.849285669,385,0.958652239,459,1.832005268,10733
0.824098911,433,1.284196401,407,1.612150692,7957
0.852021633,386,1.027854581,424,1.47375358,9078
0.85899,327,0.666362236,428,1.592114875,11225
0.852598613,620,1.551866427,310,1.168285928,8761
0.91414344,360,0.553011515,426,1.289746915,8604
0.901957289,492,1.118326078,302,1.001792375,9939
0.891208261,130,0.33595468,376,1.32806208,8090
0.918360491,367,0.790317256,339,1.11376923,9392
0.868415525,481,1.397436172,284,0.939683736,7531
0.931616571,383,0.610212157,452,1.298025823,11501
0.902455245,413,1.073610198,442,1.481039768,9747
0.903074424,417,1.018090528,339,1.183837475,8033
0.871765641,191,0.480076577,280,0.994475489,7588
0.895878894,304,0.773179872,329,1.194588389,8738
0.881974056,406,1.021719539,448,1.556231112,8886
0.869235213,462,1.185667786,437,1.569587799,9579
0.849816974,345,0.773377707,348,1.156296045,7329
0.811626877,414,0.985685088,381,1.352466661,8087
0.882317101,411,0.680631137,512,1.43061505,10790
0.928364829,380,0.757663046,462,1.41504695,9415
0.857991539,486,1.177396326,396,1.196517412,8534
0.901384398,434,1.223714866,367,1.085683509,8161
0.877158729,317,0.654207651,301,0.999293824,7500
0.880247947,328,0.780938059,377,1.241146898,7584
0.895572928,382,0.969007398,431,1.472035832,8742
0.914721289,463,0.943311822,335,1.156054162,9695
0.875274652,497,0.917127818,266,0.984679401,6561
0.864842669,341,0.790994205,260,0.972730032,6713
0.907475511,496,1.184266233,376,1.649321205,9773
0.871375539,313,0.593456322,265,1.14320455,6871
0.905998038,264,0.485960894,318,1.093000474,8370
0.823452843,487,0.85889929,368,1.600625243,5948
0.821077928,388,0.758273591,400,1.797642534,7037
0.81672316,411,0.795813979,317,1.409823314,5767
0.865012464,461,0.77266359,350,1.343879019,8133
0.363187863,386,1.416001413,121,0.670337176,8247
0.380388052,402,1.26157873,77,0.422357346,4718
0.389316834,404,1.471060957,97,0.492382473,5609
0.374222873,141,0.436116944,91,0.445994462,5185
0.412167167,141,0.286239225,132,0.501220814,6140
0.354810908,142,0.433063796,91,0.438663067,5887
0.415278689,409,1.406619165,133,0.707445247,5766
0.397030405,401,1.365558472,67,0.345018908,5846
0.409641831,410,1.374868465,117,0.587522574,6161
0.403557784,399,1.269990035,89,0.469397805,5625
0.408316228,411,1.128768999,95,0.42083563,6620
0.398168272,404,1.080298491,63,0.317551063,6218
0.406649619,142,0.35836207,119,0.549104363,8032
0.407145446,142,0.40527511,112,0.554581112,7702
0.405744624,412,1.240778027,123,0.579015697,10176
0.407397898,411,1.249328019,118,0.534039477,10085
0.399718385,412,1.436044627,126,0.607972991,9603
0.419705249,412,1.097496669,126,0.535128672,10170
0.409007914,411,1.193228038,100,0.497436197,9528
0.408282603,411,1.245229762,75,0.342194184,10159
0.407096414,411,0.754421159,104,0.398575975,12296
0.383246082,409,0.949753969,119,0.485895228,11376
0.412889655,411,0.966327802,121,0.420642101,9984
0.41973575,411,0.944283457,142,0.491084302,10736
0.398837982,411,0.933319063,162,0.584401217,10337
0.446268335,142,0.343645422,95,0.306934972,10147
0.408374469,142,0.240678227,150,0.442320712,13437
0.411421431,434,1.180626554,167,0.606229106,10229
0.406831422,428,0.81260528,170,0.612356625,12856
0.413081825,407,1.199323651,149,0.535549147,10956
0.437988913,404,0.991382539,161,0.55251563,9810
0.410700062,409,1.106189209,165,0.553185492,9644
0.414060274,431,0.992337902,127,0.448932342,9513
0.417055994,431,1.114161474,134,0.488140544,8987
0.411654369,163,0.310318944,111,0.348240616,10001
0.389624945,430,0.927032656,125,0.492406729,10317
0.427560193,431,0.923082177,114,0.449978546,10444
0.407708477,431,1.04184536,91,0.383291935,8451
0.415870211,143,0.506749291,104,0.408604653,9445
0.405356028,411,0.82039494,93,0.355259475,8619
0.408924644,401,1.028430898,76,0.297282273,7686
0.424467784,142,0.346424687,79,0.363005661,9444
0.404228756,142,0.384117153,63,0.282151033,7865
0.412017417,409,0.978283635,56,0.298998567,7025
0.42187537,398,1.164137547,165,0.847088202,8776
0.42467593,140,0.326436141,62,0.321145859,6175
0.420264185,140,0.316594464,146,0.691595601,9370
0.403579383,142,0.295501262,46,0.266848166,4900
0.43458067,410,0.891506598,51,0.284165107,7285
0.43461142,141,0.294636672,118,0.561226537,7174
0.405353985,141,0.255872874,134,0.618781406,10829
0.423454658,410,1.091371396,150,0.765131965,11180
0.416707016,405,0.961495905,141,0.688414491,6598
0.434121225,140,0.327018094,133,0.610656537,6405
0.412017374,402,0.939096973,124,0.601191822,6456
0.418863876,408,0.814946559,140,0.50149472,8184
0.395762736,403,1.180857588,161,0.838231037,6249
0.421004641,406,1.227566976,121,0.576181923,6767
0.434568122,215,0.688469492,166,0.834067587,7324
0.413012055,406,1.331842221,112,0.536580069,5899
0.414346354,412,1.364172239,135,0.640235107,7102
0.403484532,406,1.006069839,86,0.374992949,7333
0.414977426,410,1.140612657,184,0.894226407,9034
0.414141159,411,1.25630071,190,0.852529659,9057
0.411893073,409,1.261330438,142,0.657279059,9308
0.439077091,140,0.330674726,114,0.532833584,8265
0.432571229,142,0.318512437,96,0.395488083,9438
0.410721541,408,0.919501295,91,0.370230934,8805
0.438656947,412,0.977152331,175,0.663197664,11800
0.418226888,412,1.259637707,165,0.774915388,10467
0.411118834,143,0.440488379,128,0.584848269,9009
0.43356074,413,0.863661679,207,0.739237548,11455
0.418330689,140,0.35750636,150,0.603189101,8748
0.428169411,412,1.229623032,215,0.8103079,10228
0.454154858,412,0.885694733,145,0.541698645,11339
0.426877279,412,0.99531222,140,0.517511036,10882
0.448133426,412,0.820048123,133,0.470490611,10943
0.427242188,413,0.85662117,184,0.549246533,16836
0.431336631,413,1.179331416,164,0.595099741,11279
0.421276003,413,1.096330833,180,0.62443789,9853
0.426905679,413,1.169354083,158,0.582895129,12033
0.459230313,414,0.913476092,251,0.868729378,12295
0.429575769,414,1.249457,265,0.933799435,12442
0.427967645,414,1.108442857,198,0.704891302,12716
0.422255112,414,1.152519448,179,0.643539546,12272
0.435268692,143,0.428213556,206,0.817347202,10637
0.425811439,143,0.309330842,215,0.815898517,9923
0.414012803,412,1.111175053,185,0.743070193,8539
0.425823533,143,0.378049898,190,0.748363924,7211
0.40372804,410,1.232366337,100,0.392969605,7859
0.41059851,411,1.2253554,198,0.800735371,7892
0.410833676,407,1.143227572,183,0.74942003,6999
0.421613874,142,0.349626277,79,0.313801518,6372
0.400436902,142,0.301049225,73,0.294268474,6056
0.416406714,404,1.295820794,65,0.288169949,6196
0.416338659,407,1.048507147,54,0.265359017,5720
0.431493063,407,0.891691898,61,0.253246966,5674
0.424935909,409,0.995322628,35,0.162927191,8355
0.404800541,401,1.159013291,38,0.18333897,4873
0.427076148,405,0.957830041,56,0.272933464,5109
0.411629214,407,0.834016747,28,0.112179563,5654
0.433880374,407,0.69476209,132,0.491480019,8340
0.408158576,407,1.102463146,105,0.463152997,4530
0.404005258,407,1.028335045,168,0.661946498,5812
0.405919678,405,1.165052659,121,0.445395572,5716
0.433790088,412,0.841541191,171,0.498470905,8599
0.411390641,266,0.669663714,184,0.757864035,6150
0.410447018,406,1.265549491,198,0.773562643,6321
0.402487686,250,0.741047318,196,0.83490359,5718
0.409763697,406,1.078849525,157,0.637264992,5428
0.415181236,367,1.086642259,129,0.499195667,6243
0.427315184,409,1.132469051,175,0.610058782,8500
0.413702173,411,1.109309393,170,0.670784051,8824
0.425742683,414,1.16226309,144,0.589077445,8827
0.444764943,417,0.906751537,219,0.816710241,8991
0.429504232,418,1.1394184,152,0.586803954,8963
0.427628564,418,1.13035395,186,0.671530087,10987
0.426059502,381,0.879145403,310,1.206170173,9561
0.43288188,415,0.701895425,325,1.020070184,14856
0.428937362,416,1.13931327,227,0.856426141,8820
0.431935467,419,1.008096412,188,0.7222853,9102
0.431275929,420,0.692601425,228,0.721586741,11091
0.463028048,421,0.980343934,205,0.725501185,10661
0.460835662,420,0.792517179,252,0.864122831,10454
0.46259891,423,1.079289427,213,0.757080386,11620
0.451882321,422,0.807174325,251,0.765621804,11951
0.457228933,146,0.443164752,196,0.610061005,10457
0.445162363,425,0.759653457,294,0.757092836,14724
0.451167504,425,1.108622467,223,0.730258024,9265
0.442588614,280,0.558973906,208,0.638332689,8504
0.419383478,278,0.604854846,245,0.767238149,7319
0.426580106,280,0.626014504,229,0.742313088,6953
0.422852784,278,0.634555394,198,0.681631863,7369
0.42602396,279,0.540379535,234,0.803231273,6494
0.421382162,279,0.460883824,178,0.564349892,6764
0.428444583,424,0.611384931,268,0.782359927,11598
0.424298834,275,0.509091245,214,0.702603962,8733
0.426775434,424,0.78161634,234,0.745524848,6484
0.419744316,421,0.651508791,225,0.715903716,7169
0.410506938,423,0.973027988,266,0.841905857,6602
0.417525158,421,0.976095075,264,0.8527919,7114
0.422266997,418,0.954186273,266,0.871703266,6753
0.420125388,422,0.832648516,280,0.935873183,6477
0.416407072,415,0.630025508,194,0.695178527,6290
0.439346892,419,0.940768655,171,0.65911446,5336
0.43768966,145,0.36643829,96,0.374347686,5358
0.440801907,422,0.717302579,129,0.506251966,5931
0.430579951,418,0.711008584,241,0.846623494,7221
0.421037718,408,1.115808821,201,0.810447029,4271
0.416304785,410,0.98731372,177,0.686418464,4345
0.420525385,420,0.813600988,162,0.616164479,4666
0.402258967,419,0.726862895,123,0.447225356,6696
0.446241718,421,0.764927898,141,0.5414292,6919
0.423333889,267,0.527775427,135,0.577067146,3383
0.425278127,272,0.596132548,176,0.709383035,4061
0.420523546,410,0.876276219,153,0.60546023,4160
0.420098836,410,0.595162003,237,0.703102143,4969
0.407760466,402,0.967146205,179,0.704711046,5546
0.42508161,267,0.61009723,140,0.572517058,4859
0.421035798,269,0.626835999,154,0.611907408,4493
0.424450516,409,0.941883209,112,0.445350439,4244
0.413081623,264,0.561561519,138,0.576749887,4060
0.410313804,399,0.753913085,75,0.304035078,4966
0.426722482,401,0.771747322,113,0.436794296,5505
0.422837952,260,0.659922654,95,0.413835208,4826
0.408431086,393,1.189546635,87,0.407077422,4204
0.412066699,138,0.363432738,195,0.83345926,6932
0.417180868,399,0.994839445,124,0.495673202,6586
0.404703851,398,1.180060374,178,0.70686375,4872
0.424788806,398,1.059833563,147,0.511362472,5256
0.435199235,265,0.540564762,157,0.585112204,4804
0.428180625,397,0.994566329,70,0.264255569,4371
0.435260531,261,0.400275001,94,0.285922301,4943
0.435477709,400,0.909789864,173,0.573328354,5258
0.438132036,401,1.034386779,120,0.423593892,5366
0.433880192,405,0.871564824,117,0.382445368,7867
0.432838582,398,1.154842897,110,0.362866277,7329
0.45203866,266,0.423760107,118,0.339935393,8478
0.426148959,398,1.035049664,170,0.569625265,7145
0.436281509,400,0.976990925,209,0.730532469,6872
0.434598761,400,1.005454675,196,0.696050082,6712
0.430427099,265,0.672827317,182,0.661881364,6686
0.431209453,263,0.660590262,119,0.411801242,6185
0.429738915,265,0.6782914,134,0.481322948,6460
0.438115628,398,0.892654866,177,0.587919469,7575
0.434752435,393,0.934854672,194,0.688470786,7697
0.446327846,400,0.662057415,216,0.604857977,8752
0.443356116,264,0.640703301,167,0.503329479,5931
0.434372099,139,0.287357419,256,0.850127864,5784
0.430199988,139,0.330964543,221,0.728458227,6533
0.414354558,139,0.283178132,139,0.47984553,3931
0.438971986,139,0.256538832,168,0.621247201,5419
0.429981518,139,0.322075186,106,0.397925966,6647
0.428958465,394,0.7469334,170,0.732041045,5356
0.432689788,396,0.728941341,200,0.688107657,7348
0.430691561,396,0.697431992,111,0.484485147,3794
0.436943176,264,0.515202909,67,0.300415287,2917
0.439284093,401,0.775923595,177,0.784908489,5747
0.425532707,398,0.666272915,149,0.57267627,9679
0.216379082,61,0.188795945,19,0.092071949,511
0.169947113,33,0.114212667,25,0.132534503,455
0.198235477,12,0.038990922,11,0.055223271,576
0.325738724,2,0.004676617,18,0.088208629,1061
0.359866368,112,0.283150277,2,0.008075064,1233
0.383747429,119,0.340230956,18,0.086653299,1076
0.357780893,121,0.364313548,14,0.066173223,886
0.376908065,44,0.133475216,16,0.071736646,1069
0.362077646,163,0.568307023,2,0.008444069,1028
0.430356596,193,0.513721845,18,0.074323427,1398
0.483792799,195,0.566018428,51,0.253081574,1476
0.450667625,207,0.627936376,47,0.213341644,1490
0.439545871,232,0.42557091,19,0.074310775,1399
0.397665726,40,0.093752538,9,0.03572759,1550
0.452900057,200,0.454693903,30,0.107987181,1476
0.494313649,237,0.401130378,35,0.101635356,2212
0.460013429,269,0.731888349,36,0.129626029,1488
0.432718004,205,0.390104219,49,0.175485705,1367
0.470754665,230,0.677204303,45,0.162725904,1907
0.475004244,103,0.25224783,28,0.095174221,1519
0.468005492,382,1.032205027,24,0.081381146,1558
0.506463391,409,0.940402136,64,0.227767121,1839
0.504753349,152,0.3935868,52,0.187580892,2015
0.459084166,286,0.617060232,50,0.196199999,1796
0.492894896,73,0.156112847,29,0.11301448,2082
0.479608333,229,0.553003283,28,0.11873482,1476
0.490987265,243,0.863350644,9,0.034627513,1616
0.455848267,247,0.493173593,68,0.257003831,1599
0.480902849,339,0.870206759,91,0.356284075,1704
0.467091726,279,0.679142162,46,0.210630096,1323
0.450489611,206,0.556863302,25,0.110099465,1089
0.430380371,194,0.55490763,14,0.065177108,1444
0.470947134,350,0.837343771,35,0.189564802,1322
0.432392073,292,0.635141598,25,0.13653914,978
0.448920451,203,0.422852529,19,0.091953704,1243
0.524276591,269,0.488122815,16,0.073178764,2228
0.456438383,2,0.004644134,54,0.276911156,1256
0.445664263,2,0.004087726,19,0.088384499,1155
0.398182081,38,0.11128545,66,0.344048172,1153
0.449471085,125,0.398946819,37,0.184372835,1197
0.427997251,146,0.406189794,7,0.034065768,1105
0.423162113,41,0.125613395,16,0.073031007,1047
0.497281614,121,0.37247934,52,0.239500363,2039
0.467052532,68,0.150955795,11,0.036450184,1417
0.465883671,53,0.14650671,30,0.107256591,1598
0.443950085,42,0.125142679,5,0.021258461,1588
0.399665784,42,0.08919977,20,0.082147971,1254
0.404469262,68,0.217216297,33,0.145815148,1390
0.40480519,68,0.174406381,22,0.10858318,1212
0.337302171,42,0.099239694,23,0.110761004,893
0.438694708,42,0.071511574,24,0.090381127,1603
0.350374679,49,0.123534314,58,0.226731955,904
0.408824049,21,0.042897063,2,0.005086438,1232
0.368596054,44,0.129553727,12,0.052181474,1243
0.404312648,2,0.004720466,13,0.049518586,1329
0.47146839,9,0.015612113,52,0.161459451,1986
0.494695888,9,0.018119614,22,0.065624726,2095
0.500731798,10,0.017055754,43,0.110563141,2689
0.478852345,198,0.396691159,36,0.111827491,2299
0.502910678,60,0.129611753,4,0.011282914,2624
0.494886036,56,0.108075907,51,0.17576247,2646
0.450050471,229,0.377627391,60,0.188849784,2404
0.498375686,253,0.46916252,43,0.140955856,2102
0.510731793,235,0.433863307,82,0.261520909,2666
0.501815499,367,0.567982023,35,0.111836764,3661
0.485704605,72,0.164947054,30,0.096241908,2461
0.554431946,220,0.509816378,96,0.308737704,2887
0.514819489,79,0.180189682,73,0.24077308,2390
0.50454798,242,0.478329999,57,0.191560159,2335
0.537672064,303,0.460927753,140,0.501626386,3911
0.522107275,313,0.703010088,122,0.471553521,3635
0.483399166,77,0.194528969,7,0.028348159,1762
0.511857688,334,0.56717673,54,0.210938319,2232
0.523568139,343,0.583805612,45,0.157636503,2658
0.452556079,257,0.70305289,25,0.10144629,1376
0.459896169,53,0.12878005,77,0.301331506,1312
0.512948619,47,0.081015015,46,0.168519699,2282
0.517695079,262,0.476459326,2,0.006853534,2385
0.417400008,110,0.218147177,73,0.311312539,1120
0.453821852,365,0.799097009,39,0.157640674,1350
0.45137013,69,0.148585968,21,0.084482823,1404
0.478249538,69,0.168754435,45,0.160710333,1642
0.494892452,56,0.081738987,14,0.041665312,1837
0.476675788,47,0.113455261,2,0.006908932,1831
0.480275547,184,0.42156903,21,0.085877559,2048
0.464163019,259,0.602413817,26,0.104302399,2002
0.524608124,294,0.676223842,30,0.11829621,2684
0.485188563,263,0.558645658,100,0.42010177,2080
0.498745098,279,0.527245991,118,0.477495789,2662
0.537995714,244,0.469616456,150,0.5812414,3153
0.479434902,48,0.122025961,116,0.503589974,1937
0.53457759,224,0.592260758,173,0.738542922,2120
0.526562514,297,0.740837884,20,0.081480526,2249
0.550406406,246,0.655004434,77,0.267573387,3627
0.580232232,340,0.69238787,152,0.566032459,3867
0.583853218,93,0.142202961,50,0.150759032,2608
0.530418696,240,0.544318722,108,0.357620656,3971
0.565782284,236,0.610022972,123,0.435696575,3955
0.579131283,250,0.539188408,91,0.29808242,5131
0.556773627,243,0.706843497,67,0.221121638,3733
0.607986904,82,0.131228936,115,0.330082193,5470
0.512979032,244,0.595419362,81,0.28143464,3699
0.579162993,184,0.467483915,115,0.416213444,3578
0.51655393,375,0.892911356,96,0.33951757,3239
0.588768015,36,0.059670411,99,0.277314685,3846
0.57507764,291,0.580319359,120,0.366402343,3531
0.539470447,235,0.569976313,118,0.355109629,2955
0.577666512,81,0.227861782,235,0.696526165,4129
0.561821656,317,0.755906673,95,0.311238373,2343
0.556773241,118,0.300099061,68,0.23227713,2223
0.528084492,108,0.220249658,118,0.40707279,2909
0.532177907,81,0.188229095,148,0.554134383,2119
0.488389661,27,0.051960584,48,0.205581753,1434
0.579979428,27,0.050489444,87,0.297679188,2433
0.496001134,305,0.537415128,86,0.374068649,1933
0.514995027,83,0.161326378,46,0.208550568,1856
0.58959026,147,0.246626701,63,0.243146539,1994
0.424626433,175,0.64185228,130,0.716376579,2117
0.301392012,73,0.230476678,104,0.568235244,1473
0.349940707,356,1.297051466,169,0.859032148,2391
0.344811332,56,0.172616088,117,0.57018974,1919
0.413229682,496,1.004383912,181,0.686625604,3010
0.408202492,214,0.655892612,148,0.71390174,2346
0.325079913,58,0.198524939,97,0.514327689,1877
0.34690178,272,0.926469372,117,0.60706571,2455
0.370326187,289,0.969452086,56,0.280598174,2170
0.360634251,200,0.636091321,123,0.644733786,1987
0.367321486,130,0.355442153,51,0.226528244,2004
0.384324574,202,0.540767752,45,0.227189584,2030
0.433255276,652,1.645291325,98,0.452983226,4081
0.389789355,189,0.53940897,122,0.60198476,3144
0.409940272,606,1.823204161,185,0.87025258,3728
0.388992028,22,0.067628045,124,0.561813897,3555
0.397693423,68,0.235624392,152,0.732237392,5919
0.40703767,591,1.572615666,164,0.696192637,3391
0.432449425,354,1.027334745,148,0.737970045,4398
0.416761647,174,0.526827976,186,0.84457894,4429
0.501488175,414,0.75983634,186,0.715520863,6511
0.489743878,346,0.804704689,165,0.672887992,6461
0.424027684,314,0.739199473,118,0.408755045,3885
0.415058354,395,0.907964863,157,0.540756345,3830
0.443553948,404,0.917733434,162,0.586212494,4585
0.425198794,197,0.475164041,179,0.578397386,4358
0.537304999,769,1.302571522,192,0.566206297,6326
0.437505555,23,0.063554851,123,0.448381936,2022
0.455277883,613,1.163644209,171,0.614911766,3010
0.436759307,202,0.594492327,131,0.470620879,3087
0.413303911,371,0.911414756,167,0.572216434,3558
0.454706093,507,1.36961442,217,0.727815343,4100
0.457739798,684,1.575171899,278,0.985300841,3495
0.44198392,156,0.402035325,213,0.772951575,4597
0.51084553,827,1.577528895,240,0.753088469,5693
0.50064547,262,0.565653632,178,0.70019217,3928
0.458768046,644,1.377051372,93,0.365230669,3143
0.409646463,248,0.598461598,144,0.603520653,3229
0.416239562,459,1.631858188,195,0.768275151,3580
0.454662935,347,0.691749482,164,0.625429134,3526
0.41608312,497,1.276115954,215,0.842030092,3398
0.377846611,195,0.473738933,165,0.752817357,3175
0.399565442,407,1.096933958,195,0.868259093,2485
0.40753455,481,1.375995829,164,0.764318501,2505
0.35787964,210,0.502896834,102,0.547316297,2424
0.386734841,468,1.367879293,111,0.568148975,2014
0.410576574,603,1.402352777,119,0.620629732,2468
0.453521979,621,1.400703759,81,0.382031664,3010
0.335714695,198,0.41162325,74,0.427004915,1698
0.297413088,198,0.43032953,61,0.340193587,2156
0.387054254,538,1.121059481,59,0.279255455,2670
0.472105403,634,1.149366354,65,0.298535593,3502
0.406860395,238,0.632493982,79,0.401467522,2386
0.336705193,287,0.681806918,73,0.355788389,1734
0.367122652,446,1.042755018,77,0.351686677,2731
0.385279281,327,0.76391097,85,0.413709832,2251
0.419942332,576,1.149023036,198,0.709419876,2532
0.392119196,297,0.868541984,168,0.874019871,2090
0.362561102,310,0.934958239,155,0.735630488,2452
0.374914657,392,1.253526762,99,0.499032849,2957
0.350739788,273,0.895534931,114,0.546561208,1997
0.365852872,203,0.671874647,79,0.376789839,3197
0.434374414,508,1.257587299,147,0.640973047,2639
0.409466491,459,1.276038202,127,0.618742399,3827
0.395285087,318,0.972411782,126,0.567132321,3089
0.399022196,313,0.964372881,138,0.638176688,2865
0.42754363,638,1.503285583,175,0.816248488,4437
0.45404646,676,1.516698521,189,0.774544952,4203
0.415101552,237,0.533050989,160,0.651504466,4998
0.435529351,470,1.115173477,229,0.867623349,5419
0.437069093,478,1.460436936,156,0.732157098,5493
0.464578383,267,0.824204299,210,0.959640167,4963
0.485750875,677,1.416771533,261,0.932104808,3608
0.464299463,325,0.831202287,147,0.590946198,3161
0.442869034,362,1.07987753,193,0.72637538,3196
0.431375898,578,1.242224392,136,0.506054148,3111
0.45678689,587,1.417054687,221,0.819757298,2622
0.417144465,561,1.115404439,144,0.510414372,2457
0.518601999,689,1.430121784,295,0.880732484,8992
0.434353663,353,1.00739467,196,0.708401803,4268
0.474359738,347,0.919802987,347,1.201231379,2760
0.462220151,597,1.689617552,343,1.268931687,3757
0.406970186,307,0.677365746,169,0.587210117,2527
0.436696105,494,1.491211424,259,0.913163526,3731
0.453608721,349,0.934661562,239,0.851682691,2950
0.44714484,200,0.556725496,278,1.002437136,4032
0.469101056,680,1.184161321,390,1.28094821,5446
0.457748918,290,0.866110278,324,1.285371617,4355
0.463626712,434,0.936174898,278,1.056830545,4973
0.448853816,371,0.999123701,253,1.013316395,4440
0.427281123,593,1.564001238,181,0.713082145,3804
0.516815593,377,1.132439575,201,0.79245396,3464
0.551038351,397,1.184924568,209,0.847237216,7002
0.605571408,336,0.942058772,148,0.603123003,4401
0.597810176,399,0.985516998,204,0.813324502,4937
0.607322147,438,0.931349809,205,0.820718992,3917
0.590977537,461,1.478470563,117,0.52055942,3206
0.554681614,303,0.78020412,74,0.360053747,5459
0.60821868,388,0.849697692,211,0.872092307,3896
0.651073069,613,1.490699245,155,0.721279799,8126
0.49462145,424,1.228072133,124,0.592914431,4554
0.527135487,445,1.053798998,156,0.760304644,4296
0.592293683,738,1.514977383,203,0.812173284,5580
0.64299434,616,1.593763113,195,0.812299877,6402
0.571024878,689,1.176334792,217,0.809267594,4626
0.501138379,490,1.3288814,290,1.277106944,2601
0.523821869,367,0.927337107,207,0.814778387,3654
0.523274076,456,1.309805967,224,0.827573052,3675
0.61098534,567,1.15759004,281,0.819003562,4216
0.56822782,799,2.013070786,254,1.047484019,3713
0.587365425,623,1.943000452,294,1.152603861,3876
0.556010244,616,1.827128446,202,0.860266202,3238
0.545291204,537,1.427488637,208,0.841770458,3701
0.5914712,676,2.00082087,265,1.02393337,4319
0.635390458,453,1.253168053,273,0.951138487,5247
0.599367074,497,1.341213645,192,0.760090795,4446
0.609260036,360,1.009784585,190,0.776796594,4671
0.666060963,686,1.490750583,232,0.863424118,5623
0.592876095,375,1.022411319,143,0.550550545,4414
0.55021023,423,1.143303375,196,0.709651579,4003
0.565992094,609,1.406981922,194,0.756464698,4323
0.624788594,706,1.193391847,403,1.264534329,6117
0.495664786,334,0.912620504,152,0.57326675,3786
0.501099883,572,1.373512572,124,0.474916673,4191
0.572443072,647,1.067092819,185,0.5852284,6707
0.514503062,566,1.316817912,189,0.669539888,4661
0.474998431,579,1.091721872,143,0.488574038,4454
0.482886708,661,1.685552958,196,0.693675927,4208
0.497845418,669,1.278892558,230,0.701832482,5903
0.460658613,636,1.932349983,276,0.858469319,4625
0.55738026,641,1.145917927,262,0.674461268,9568
0.480891791,528,1.376382979,118,0.386024168,4616
0.585498455,512,1.024090776,251,0.772218878,6456
0.600774376,572,1.219618067,123,0.378495543,6468
0.653279887,679,1.478472229,125,0.391947181,5052
0.6281556,746,1.670992533,244,0.791935342,6930
0.640071732,699,1.596939304,210,0.723218282,6887
0.629781227,193,0.373036195,220,0.753140576,7960
0.674325179,822,1.357037737,329,1.03969118,9074
0.66334751,733,1.056517207,232,0.676776726,9766
0.661842469,551,1.019797745,228,0.747294407,6955
0.62734763,632,1.1644064,229,0.731641022,6925
0.634790429,630,0.975984083,166,0.527216704,5189
0.654558514,254,0.585222142,236,0.748187745,5454
0.619367075,446,1.035556077,252,0.814731897,6406
0.628624375,592,1.350679745,246,0.805846083,5168
0.630459876,391,0.771681136,235,0.785065853,5693
0.630254126,660,1.002349417,234,0.838789062,5726
0.586530662,452,1.016847902,220,0.847759362,4483
0.588903829,369,0.931846344,231,0.905937083,4204
0.59120022,603,1.025024334,150,0.58936946,4835
0.630558592,587,0.997869276,246,0.861729189,6400
0.537927763,354,0.966873838,220,0.884241852,4021
0.542255918,234,0.563972131,172,0.668254845,3747
0.538890204,509,0.987144244,166,0.630560557,3389
0.664462387,626,1.086700823,197,0.714841803,6958
0.629431917,545,0.991378693,138,0.529096162,6603
0.500127288,356,0.703938001,192,0.82002557,2669
0.557758462,522,1.142149292,118,0.473579156,3627
0.561793324,511,1.093980578,182,0.719435092,4166
0.516607241,313,0.762471341,214,0.773611701,3641
0.589331128,645,0.936079088,236,0.699433009,5355
0.598461811,340,0.816354811,194,0.762025821,4080
0.574816908,369,0.843208526,118,0.480225279,3524
0.593057006,450,1.049331956,151,0.59929204,4422
0.552428205,306,0.704472411,214,0.851491081,4099
0.539111033,487,1.035429711,99,0.415855348,4997
0.566787145,480,0.906518826,177,0.718235886,4716
0.583354648,538,1.035762118,323,1.253844866,6018
0.621802099,422,1.070922948,242,1.050586728,4787
0.650948807,286,0.867543489,212,0.993492429,4115
0.726521355,613,1.618444831,205,0.875545683,5360
0.723052572,466,1.159940459,203,0.81043031,6290
0.715258013,390,1.158121575,290,1.148819521,5481
0.738086419,297,0.789602738,351,1.220893695,7031
0.726308481,447,0.910488258,216,0.801349323,6581
0.760739388,474,1.187477901,286,1.077487563,6280
0.826113365,513,0.787383061,218,0.660220587,5471
0.80573013,551,1.251225414,315,1.043849676,7154
0.781132628,290,0.747057118,267,0.943382158,5864
0.813427718,497,1.070990674,272,0.893623796,7527
0.770589689,84,0.242593275,269,0.89004537,5878
0.848858156,345,0.550065562,327,0.938114221,9297
0.796412154,358,0.930844727,366,1.228749718,6915
0.765176754,333,0.813460255,194,0.675453533,5386
0.774793847,349,0.87708014,169,0.5998914,6122
0.764879052,236,0.599920746,232,0.844915215,6189
0.795525435,405,1.017401955,488,1.694237385,7144
0.785708511,532,1.363619574,342,1.230193413,6656
0.767193793,309,0.692577051,317,1.053552837,6379
0.750719101,409,0.972318115,217,0.768753576,5387
0.802399007,338,0.559107075,472,1.319092464,7268
0.777671484,391,0.778175044,296,0.906155802,6665
0.766594256,570,1.38163,283,0.855510241,6481
0.787689178,369,1.041740049,215,0.637167111,5641
0.786879646,451,0.931515594,192,0.636695363,6149
0.741159158,438,1.043215417,319,1.049150156,5294
0.762677411,488,1.237395568,297,1.014852548,6407
0.769983442,395,0.804233887,254,0.877625274,7153
0.728117514,388,0.716408827,225,0.83253723,5242
0.743452206,419,0.9739011,212,0.793021531,4616
0.796289019,572,1.366294407,308,1.351564661,7045
0.717101441,259,0.491701684,168,0.723186532,4357
0.798362191,200,0.369204056,258,0.887156303,6448
0.652534453,469,0.827430768,272,1.181834888,3878
0.711777454,292,0.570679195,228,1.025634666,5076
0.698963224,426,0.823462186,242,1.074522601,3615
0.783768147,376,0.630684962,282,1.083124878,6223
0.295342803,133,0.487807733,7,0.038732672,2135
0.294745121,163,0.510989861,42,0.230116309,1195
0.313322605,313,1.139438692,25,0.125680135,1617
0.3150323,177,0.607130494,17,0.093084901,1452
0.321699166,184,0.62612943,42,0.217906679,1527
0.331149642,186,0.622803664,35,0.175379873,1648
0.321229883,166,0.529162515,96,0.506213319,1489
0.326031562,186,0.509146868,72,0.319523348,1740
0.327999425,184,0.491044769,75,0.379297103,1586
0.319908961,139,0.395268317,35,0.173306598,1944
0.35346753,210,0.63358878,33,0.157161403,2158
0.357508759,212,0.646020044,26,0.119561077,2201
0.343566425,205,0.714966899,26,0.12666104,2318
0.354252663,202,0.537072838,105,0.44594056,2493
0.369352728,226,0.6578052,53,0.261808524,2692
0.370210125,228,0.691794312,95,0.429732231,2913
0.366954785,232,0.42557091,9,0.033777625,3519
0.343462923,218,0.505448464,53,0.214365542,3057
0.368023702,219,0.516200749,61,0.213369182,3002
0.380567109,227,0.520566521,83,0.284950151,3079
0.359715361,216,0.49059079,93,0.336665918,2990
0.36677386,142,0.240678227,100,0.294228263,4623
0.371373007,219,0.596726337,104,0.376500182,3010
0.372630507,225,0.426780684,131,0.473064447,4032
0.375549363,220,0.646187312,39,0.139018836,3519
0.384456166,214,0.525863781,141,0.481412009,3224
0.354916804,216,0.58395396,51,0.170663609,3518
0.376760372,221,0.509794412,70,0.249406857,3225
0.365590398,220,0.567678263,79,0.28776988,3073
0.340411681,213,0.459021857,84,0.33289469,3563
0.388901665,240,0.512949009,18,0.069227469,3906
0.348124039,209,0.506210698,35,0.147419975,2862
0.358681504,143,0.506749291,81,0.318573119,3490
0.359682983,209,0.416143089,58,0.221107852,3077
0.359903174,351,0.9013758,30,0.117716579,2875
0.35318691,142,0.384117153,60,0.266037787,3075
0.370094385,343,0.819417062,47,0.252280041,2689
0.389733099,214,0.626634007,105,0.540734571,3092
0.383852806,360,0.783953674,44,0.245077532,2514
0.387295966,2,0.003198411,102,0.472297154,4419
0.405328657,218,0.5805167,94,0.480431699,4083
0.381802677,223,0.530480499,120,0.586427159,2308
0.367006721,203,0.473631517,86,0.414907032,2451
0.373194159,226,0.450023997,131,0.470969511,2963
0.347857084,196,0.573506842,101,0.52727913,2433
0.380489192,359,1.084912182,121,0.577714803,2558
0.373448155,170,0.542939355,40,0.201932153,2731
0.358338164,201,0.660180411,105,0.503043814,2035
0.371927866,215,0.714013555,149,0.706753041,2764
0.365850813,222,0.550736507,133,0.581621716,2764
0.385690118,235,0.653171351,100,0.485437192,3403
0.382219778,232,0.708682452,72,0.323645519,3221
0.377335429,234,0.719986903,86,0.397613258,3354
0.374372926,219,0.493285914,107,0.434309365,3427
0.407250014,233,0.553026638,63,0.238751159,4552
0.391385914,236,0.721785218,102,0.477249097,4179
0.404218506,238,0.498428129,172,0.61339078,5128
0.400584303,238,0.708596324,66,0.250339026,4673
0.42579996,241,0.517906242,93,0.345903954,5033
0.407254102,245,0.590439453,119,0.43988438,5052
0.424334058,245,0.486469226,84,0.297151965,5162
0.396506494,238,0.493646098,121,0.360933436,8273
0.399769568,238,0.679614714,98,0.354527505,5188
0.398836493,242,0.641074809,110,0.381937739,4681
0.402738341,242,0.683774845,68,0.252587889,5840
0.436494112,244,0.538021936,152,0.528527664,5894
0.402208798,237,0.714731758,152,0.538016893,5962
0.403247296,240,0.643460472,189,0.673701421,6306
0.3956595,238,0.66416375,144,0.517355322,6276
0.3950193,245,0.659171642,175,0.701009616,4399
0.386390938,246,0.739419802,126,0.496382658,4428
0.382216706,233,0.693499014,135,0.545633837,4404
0.382178122,231,0.647665406,138,0.563849356,3775
0.391197196,232,0.746078639,61,0.272593195,3293
0.378863315,219,0.562503834,14,0.068479746,3259
0.404475231,378,0.826632832,51,0.2098332,3328
0.395711402,372,0.905998803,30,0.138488113,5038
0.367484966,359,1.037544649,30,0.141671022,2704
0.368188787,343,0.812505278,52,0.255820561,2813
0.372484595,230,0.471628613,18,0.070086234,2966
0.415489565,384,0.655726746,151,0.563986323,5100
0.360358255,357,0.969164346,102,0.447745595,2323
0.366609751,361,0.9128357,147,0.579724515,2933
0.38190536,374,1.074660643,143,0.52931068,3103
0.414191141,391,0.798750961,143,0.4170879,4664
0.376405759,224,0.563927338,133,0.548549206,3359
0.37859852,371,1.156450397,156,0.609266152,3470
0.387170568,234,0.694407976,143,0.6112687,3320
0.377738434,367,0.976544828,91,0.368197551,3072
0.384097773,337,0.99867598,115,0.445228568,3719
0.40742826,390,1.079233326,110,0.384337033,5267
0.395710948,392,1.057384273,177,0.698445249,5568
0.408344155,395,1.10808981,158,0.646548415,5568
0.426747289,396,0.860645527,149,0.553255324,6125
0.414574003,400,1.09113796,124,0.477631126,5279
0.415448297,404,1.092036867,202,0.729089808,6716
0.418026841,374,0.86278921,177,0.689240099,6057
0.431779539,413,0.698921292,306,0.959417362,10162
0.417714752,404,1.105376279,175,0.662392093,5751
0.423607545,409,0.982466843,240,0.919891656,5766
0.422278298,267,0.44021277,178,0.563739641,7872
0.454147784,268,0.623099958,139,0.492079065,7298
0.453598975,268,0.505862029,138,0.471896865,7450
0.45317998,267,0.681415782,199,0.706184226,7725
0.445293638,417,0.796869972,237,0.721871987,8428
0.448027689,146,0.443164752,205,0.638045455,7501
0.445162363,425,0.759653457,272,0.70135594,11877
0.443637641,416,1.085134703,270,0.883376642,7285
0.435448397,272,0.544548773,262,0.80485426,6631
0.416273467,276,0.600927217,256,0.801086891,5701
0.4231262,276,0.617936897,186,0.60203345,5342
0.420455279,278,0.634555394,229,0.786974969,5796
0.421278042,274,0.529920577,238,0.815588677,4913
0.41711043,274,0.451963492,186,0.587151908,5015
0.427290104,277,0.398954574,306,0.89262542,9917
0.425768034,277,0.512418639,153,0.501859973,6133
0.421198707,271,0.50010198,167,0.533337007,5180
0.418187671,275,0.425986517,223,0.710176486,5764
0.409108837,277,0.637643873,198,0.62574084,5126
0.408281349,408,0.94689565,227,0.730964486,5834
0.415953172,411,0.937805393,232,0.759795414,5349
0.415768211,417,0.82201896,219,0.731900822,5187
0.408026254,258,0.392743174,154,0.553568086,5071
0.431367722,410,0.920551284,102,0.395561051,4199
0.431509248,411,0.699066073,182,0.717190285,4876
0.424327916,411,0.698854591,123,0.432718675,6233
0.409322767,253,0.69189892,177,0.710037662,2949
0.403120139,251,0.605266237,148,0.575482147,2923
0.406136615,402,0.778979669,155,0.589080326,3373
0.397463295,414,0.717583794,114,0.414817722,5630
0.432146629,259,0.469976886,121,0.466040324,6215
0.403418644,247,0.489071896,144,0.61503209,2158
0.407602135,253,0.553273345,150,0.601900757,2769
0.406819737,255,0.544815214,126,0.499856702,3072
0.412832879,260,0.378042817,199,0.588522534,3618
0.404415405,256,0.616608498,174,0.68398425,4172
0.401273249,242,0.553904064,158,0.64408169,3472
0.397982404,246,0.573921272,126,0.500651516,3329
0.408375584,250,0.575595294,114,0.45230904,3074
0.364285653,218,0.463741125,129,0.541148042,2853
0.388480192,372,0.702363473,90,0.366224071,3676
0.410681106,244,0.469616456,61,0.238251434,4513
0.407431705,243,0.616790454,92,0.399055379,3826
0.39057626,238,0.720937355,92,0.431023153,2937
0.403590663,245,0.609603745,122,0.488883158,4671
0.39583424,246,0.731233992,112,0.444314357,3640
0.413375074,248,0.659553076,123,0.428117419,4051
0.412371496,241,0.491739558,132,0.489713475,3821
0.399450215,368,0.921688624,67,0.251365054,3349
0.424915374,249,0.381841284,74,0.223539254,4240
0.428034993,253,0.575422649,87,0.289502436,4427
0.431342592,254,0.654227535,63,0.223899629,4254
0.423556639,257,0.553960693,161,0.52867448,6450
0.425266058,257,0.746665666,165,0.544299416,6184
0.442441169,257,0.410090427,122,0.349788593,7993
0.41856918,256,0.664751724,125,0.42002671,6255
0.426200822,388,0.947639266,165,0.574845221,5767
0.420326426,385,0.96661737,143,0.506773305,6114
0.41977333,254,0.646613266,82,0.299719863,5811
0.422714297,254,0.639002345,96,0.3342155,5343
0.422235029,254,0.651864462,113,0.407273263,5620
0.428933351,388,0.869568964,125,0.416680789,6543
0.430402134,134,0.318422115,122,0.432578989,6585
0.436610946,390,0.645008726,132,0.369635431,7871
0.411142021,240,0.582457547,180,0.544841188,5299
0.420301026,139,0.330964543,122,0.400934373,5835
0.421937394,3,0.007952474,98,0.365835163,5553
0.429296077,247,0.588830099,99,0.435937175,4245
0.426054048,254,0.480635405,168,0.724646691,4782
0.427240606,252,0.463871763,144,0.49402601,7150
0.414929962,382,0.673278503,116,0.506846,2943
0.412547337,240,0.468366281,65,0.292712331,2497
0.414071661,379,0.732816728,120,0.533432953,4771
0.41895351,391,0.654785451,127,0.487103953,8185
