17,0.189066429
17.6,0.181498332
17.42857143,0.175892319
17.14285714,0.173170906
17.14285714,0.170947687
16.57142857,0.165267969
19,0.158302138
17.57142857,0.170326527
18,0.188495957
16.71428571,0.186162477
16,0.176722315
17.85714286,0.184680844
16,0.164386856
16.42857143,0.171986479
15.16666667,0.170855736
9,0.155409622
13.57142857,0.165915966
10.57142857,0.167248162
9.142857143,0.143628684
15,0.17589192
12.85714286,0.140802188
10.28571429,0.140189252
8.571428571,0.119020863
4.75,0.143010009
8.285714286,0.172360508
10.42857143,0.133933039
8.571428571,0.157563678
10.71428571,0.165622732
12.71428571,0.122034935
8.285714286,0.176362047
12.42857143,0.169630186
10.57142857,0.134496526
7.285714286,0.103632836
11.57142857,0.109297225
12.71428571,0.097132363
13.14285714,0.102967819
13.66666667,0.11314915
11,0.104139022
11,0.112176653
12,0.091472736
11.8,0.085856942
11,0.106069084
12.28571429,0.079151786
12,0.09297474
13.28571429,0.068649181
14,0.097523795
16.14285714,0.085172108
16.85714286,0.117925813
16.42857143,0.133398577
17.66666667,0.13231448
15.85714286,0.123860525
16.85714286,0.134845349
19.28571429,0.155809123
18.16666667,0.135144559
17.57142857,0.105822098
16.71428571,0.078693377
17.42857143,0.092631932
18.85714286,0.117188479
18.5,0.125404503
18,0.101350385
18.28571429,0.14693737
19.14285714,0.126795199
18,0.147419182
16.57142857,0.128651606
19.14285714,0.152985567
17,0.143371084
14.85714286,0.147464225
9,0.15621674
8.285714286,0.151811991
7.142857143,0.116468319
6,0.141344154
3,0.162021904
10.28571429,0.11522138
6.285714286,0.133034279
8.285714286,0.098380501
3.4,0.114534377
10,0.151255063
11,0.112569008
13.14285714,0.118119971
8,0.125304184
13,0.133255264
6.571428571,0.086548066
11.71428571,0.136588807
10,0.166987368
14,0.171255105
11,0.144838873
12.85714286,0.122588733
11,0.15414437
10.8,0.115742727
13.85714286,0.122371614
10.71428571,0.098845288
11.85714286,0.100739873
10.85714286,0.112247659
12.57142857,0.126986064
13.28571429,0.127684236
12.85714286,0.144999212
12.42857143,0.123720654
13.33333333,0.104889643
14.85714286,0.133435049
14,0.111769905
16.14285714,0.103436726
18.6,0.126775656
15.85714286,0.106388964
16.85714286,0.145354725
16.85714286,0.159709508
18.71428571,0.163481537
18,0.17089396
17.14285714,0.147178503
16.85714286,0.16991587
16.71428571,0.142244501
18.25,0.130142954
16.71428571,0.113442094
15.85714286,0.155792495
17,0.123517197
15,0.237094046
14.28571429,0.160438297
15.57142857,0.105378045
14.57142857,0.106679927
16.57142857,0.242539707
16.5,0.140385265
10.71428571,0.102539678
11.14285714,0.092778821
10.71428571,0.09607343
9.75,0.106799268
11.85714286,0.200764437
12.28571429,0.153254013
6.428571429,0.065491726
6.428571429,0.074885719
5,0.304651436
0.285714286,0.27977167
7.285714286,0.404412711
6.2,0.339101137
8.571428571,0.387387664
6.142857143,0.369934054
7.142857143,0.301772112
6.4,0.408647751
10.28571429,0.333466923
10.85714286,0.331711521
11.14285714,0.27587678
11.85714286,0.291432583
14,0.50451422
9.571428571,0.436091406
7.714285714,0.534226081
12,0.472262626
12.66666667,0.782255403
13.14285714,0.403505603
13.85714286,0.559818894
13.42857143,0.567771935
14.5,0.671136671
14,0.729591485
14.42857143,0.49706297
14.57142857,0.425851642
16.42857143,0.547504152
17,0.466490754
17.28571429,0.475799791
15.85714286,0.253181166
16.42857143,0.37613604
14.25,0.387404856
14.14285714,0.432034298
15.85714286,0.501771343
15.57142857,0.43335996
16.85714286,0.574557458
18.28571429,0.556829323
16.42857143,0.431934816
16.28571429,0.351261235
12.57142857,0.449183209
14.5,0.495773174
12.71428571,0.475632865
11.57142857,0.488735643
13.57142857,0.443358235
11.8,0.353184195
11.57142857,0.359707805
12.85714286,0.370123656
12,0.302360266
9.714285714,0.352436099
6.857142857,0.336664562
4.428571429,0.3350191
8.571428571,0.351948406
6,0.320898745
9.333333333,0.350341448
9.142857143,0.321592054
3.857142857,0.305030862
9.857142857,0.412803795
12,0.38156965
9,0.317580775
11.14285714,0.346177873
11.71428571,0.384702648
12.83333333,0.464654325
12.28571429,0.350261537
11.57142857,0.482940758
12.14285714,0.356306816
11.71428571,0.538714199
11,0.446399806
10.28571429,0.400055845
11.85714286,0.551901556
12.28571429,0.483292396
10,0.675503126
11.42857143,0.59090053
9.285714286,0.695743698
13,0.594045532
15.28571429,0.382512149
13.71428571,0.375900718
14.42857143,0.390335336
14.42857143,0.339680914
16.42857143,0.312378417
17,0.276000405
17.42857143,0.665001854
16.85714286,0.50354233
17,0.346753236
17.6,0.442307822
17.42857143,0.295840095
17.14285714,0.449243639
17.14285714,0.352162519
16.57142857,0.490054753
19,0.497134173
17.57142857,0.491449255
18,0.573971638
16.71428571,0.572597619
16,0.50380718
17.85714286,0.433084656
16,0.92219818
16.42857143,0.61354827
15.16666667,0.668684598
9,0.515406175
13.57142857,0.46445492
10.57142857,0.836041955
9.142857143,0.508624661
15,0.82233872
12.85714286,0.799250027
10.28571429,0.692578063
8.571428571,0.762772263
4.75,0.669041578
8.285714286,0.558617442
10.42857143,0.489697047
8.571428571,0.599779804
10.71428571,0.611220776
12.71428571,0.499330857
8.285714286,0.559247368
12.42857143,0.568718138
10.57142857,0.517862549
7.285714286,0.630513972
11.57142857,0.657692434
12.71428571,0.633839238
13.14285714,0.587881989
13.66666667,0.604437803
11,0.639143008
11,0.594597393
12,0.514379652
11.8,0.610550959
11,0.609303041
12.28571429,0.544417138
12,0.603449242
13.28571429,0.762747938
14,0.554447234
16.14285714,0.548344937
16.85714286,0.498916555
16.42857143,0.599599088
17.66666667,0.521256296
15.85714286,0.715872861
16.85714286,0.571930931
19.28571429,0.765077179
18.16666667,0.727896793
17.57142857,0.573572907
16.71428571,0.828934434
17.42857143,0.782630905
18.85714286,0.945450733
18.5,1.032165743
18,0.923438944
18.28571429,0.755367762
19.14285714,0.852471332
18,0.624417741
16.57142857,0.691207912
19.14285714,0.759867055
17,0.682256394
14.85714286,0.752680464
9,0.68670773
8.285714286,0.669879478
7.142857143,0.6305219
6,0.62849676
3,0.70387169
10.28571429,0.698263439
6.285714286,0.61683641
8.285714286,0.52255367
3.4,0.764209193
10,0.758607168
11,0.527471357
13.14285714,0.626613364
8,0.695742564
13,0.595618537
6.571428571,0.624424317
11.71428571,0.556609912
10,0.555869505
14,0.66902577
11,0.628104521
12.85714286,0.789944815
11,0.645535789
10.8,0.777513521
13.85714286,0.678724823
10.71428571,0.643500077
11.85714286,0.720958495
10.85714286,0.838781675
12.57142857,0.783324711
13.28571429,0.94091392
12.85714286,0.895676861
12.42857143,0.886491704
13.33333333,0.592506778
14.85714286,0.833527325
14,0.769248234
16.14285714,0.793044189
18.6,0.67220161
15.85714286,0.787132862
16.85714286,0.735674047
16.85714286,0.658633508
18.71428571,0.707511334
18,0.717321523
17.14285714,0.856726836
16.85714286,0.785559321
16.71428571,0.756138831
18.25,0.667214115
16.71428571,0.733178792
15.85714286,0.81529058
17,0.834324101
15,0.725251896
14.28571429,0.772861151
15.57142857,0.696543476
14.57142857,0.884753978
16.57142857,0.942299109
16.5,0.690529046
10.71428571,0.622375225
11.14285714,0.934836312
10.71428571,0.586028862
9.75,0.687298771
11.85714286,0.679539021
12.28571429,0.849039125
6.428571429,0.560496229
6.428571429,0.666880816
5,0.368629914
0.285714286,0.272454272
7.285714286,0.328117603
6.2,0.272397486
8.571428571,0.291812176
6.142857143,0.296326168
7.142857143,0.280262184
6.4,0.304987306
10.28571429,0.30403959
10.85714286,0.298391351
11.14285714,0.287519514
11.85714286,0.273193923
14,0.311519156
9.571428571,0.323555556
7.714285714,0.370989287
12,0.350891463
12.66666667,0.367590404
13.14285714,0.355943711
13.85714286,0.411256788
13.42857143,0.448152616
14.5,0.435296587
14,0.414206404
14.42857143,0.46098254
14.57142857,0.410780668
16.42857143,0.428413038
17,0.412701735
17.28571429,0.417252921
15.85714286,0.45225875
16.42857143,0.604535784
14.25,0.529988059
14.14285714,0.469648248
15.85714286,0.516585997
15.57142857,0.479832581
16.85714286,0.460960384
18.28571429,0.444745013
16.42857143,0.470107174
16.28571429,0.523850495
12.57142857,0.477871978
14.5,0.58005267
12.71428571,0.49810601
11.57142857,0.496110707
13.57142857,0.54420264
11.8,0.524525236
11.57142857,0.456520519
12.85714286,0.492611337
12,0.557059511
9.714285714,0.403417645
6.857142857,0.499950005
4.428571429,0.375218444
8.571428571,0.492456301
6,0.376255648
9.333333333,0.530545959
9.142857143,0.660210247
3.857142857,0.487151473
9.857142857,0.433809335
12,0.498484527
9,0.445847635
11.14285714,0.48357855
11.71428571,0.481576148
12.83333333,0.514840733
12.28571429,0.428176249
11.57142857,0.500898948
12.14285714,0.447866518
11.71428571,0.574849938
11,0.558544405
10.28571429,0.561911473
11.85714286,0.486225436
12.28571429,0.536821705
10,0.555870793
11.42857143,0.59565415
9.285714286,0.635143184
13,0.587325302
15.28571429,0.652406484
13.71428571,0.59543344
14.42857143,0.684933393
14.42857143,0.659522838
16.42857143,0.72238624
17,0.695668324
17.42857143,0.734224286
16.85714286,0.734567012
17,0.705749111
17.6,0.825190424
17.42857143,0.827985345
17.14285714,0.861471792
17.14285714,0.903325944
16.57142857,0.915229285
19,0.761928854
17.57142857,0.770994937
18,0.753153488
16.71428571,0.680759852
16,0.635115442
17.85714286,0.664353696
16,0.695978242
16.42857143,0.631454371
15.16666667,0.591150288
9,0.534667268
13.57142857,0.572407661
10.57142857,0.598898069
9.142857143,0.521451169
15,0.611788601
12.85714286,0.569534889
10.28571429,0.544067489
8.571428571,0.486468856
4.75,0.731458288
8.285714286,0.738994951
10.42857143,0.524673724
8.571428571,0.577659514
10.71428571,0.619279447
12.71428571,0.662986474
8.285714286,0.607130891
12.42857143,0.611000905
10.57142857,0.637114291
7.285714286,0.627897162
11.57142857,0.679657201
12.71428571,0.763490912
13.14285714,0.88346223
13.66666667,0.864536445
11,0.835477668
11,0.853244978
12,1.035731246
11.8,1.026623345
11,1.214562959
12.28571429,0.992460424
12,0.996183158
13.28571429,1.074288014
14,1.041833601
16.14285714,1.10070262
16.85714286,1.099135223
16.42857143,1.027270932
17.66666667,1.01455983
15.85714286,1.066285065
16.85714286,1.083181897
19.28571429,0.943017913
18.16666667,1.015493543
17.57142857,0.776696998
16.71428571,0.766794765
17.42857143,0.790436122
18.85714286,0.700161367
18.5,0.684588435
18,1.125238342
18.28571429,0.799350443
19.14285714,0.765136424
18,0.832446816
16.57142857,0.779504982
19.14285714,0.830421611
17,0.847418236
14.85714286,0.823009068
9,0.729834508
8.285714286,0.752955107
7.142857143,0.720521149
6,0.760700007
3,0.822587929
10.28571429,0.614627158
6.285714286,0.577263955
8.285714286,0.624068143
3.4,0.742002367
10,0.856875748
11,0.511648219
13.14285714,0.573966504
8,0.61564091
13,0.521283006
6.571428571,0.506264912
11.71428571,0.683080142
10,0.65706861
14,0.604427286
11,0.565229002
12.85714286,0.541190145
11,0.603861896
10.8,0.699712477
13.85714286,0.65086346
10.71428571,0.55118377
11.85714286,0.778578143
10.85714286,0.747396961
12.57142857,0.624232744
13.28571429,0.65052915
12.85714286,0.624018357
12.42857143,0.56720456
13.33333333,0.551045602
14.85714286,0.618902893
14,0.669657368
16.14285714,0.815518151
18.6,0.848611502
15.85714286,0.812047264
16.85714286,0.798561091
16.85714286,0.846291689
18.71428571,0.847940019
18,0.808218884
17.14285714,0.768900314
16.85714286,0.795911692
16.71428571,0.930609274
18.25,0.978692359
16.71428571,0.952916103
15.85714286,0.652411636
17,0.818633942
15,0.569565933
14.28571429,0.742950793
15.57142857,0.921189307
14.57142857,0.68604648
16.57142857,0.555410226
16.5,0.777365438
10.71428571,0.898325792
11.14285714,0.67602571
10.71428571,0.771806328
9.75,0.914499703
11.85714286,0.618782015
12.28571429,0.501125836
6.428571429,0.88783731
6.428571429,1.052504218
5,0
0.285714286,0
7.285714286,0
6.2,0
8.571428571,0
6.142857143,0
7.142857143,0
6.4,0
10.28571429,0
10.85714286,0
11.14285714,0
11.85714286,0
14,0
9.571428571,0
7.714285714,0
12,0
12.66666667,0
13.14285714,0
13.85714286,0
13.42857143,0
14.5,0
14,0
14.42857143,0
14.57142857,0
16.42857143,0
17,0
17.28571429,0
15.85714286,0
16.42857143,0
14.25,0
14.14285714,0
15.85714286,0
15.57142857,0
16.85714286,0
18.28571429,0
16.42857143,0
16.28571429,0
12.57142857,0
14.5,0
12.71428571,0
11.57142857,0
13.57142857,0
11.8,0
11.57142857,0
12.85714286,0
12,0
9.714285714,0
6.857142857,0
4.428571429,0
8.571428571,0
6,0
9.333333333,0
9.142857143,0
3.857142857,0
9.857142857,0
12,0
9,0
11.14285714,0
11.71428571,0
12.83333333,0
12.28571429,0
11.57142857,0
12.14285714,0
11.71428571,0
11,0.003044258
10.28571429,0.007754519
11.85714286,0.014220529
12.28571429,0.017482278
10,0.020709859
11.42857143,0.027152587
9.285714286,0.033089892
13,0.048540562
15.28571429,0.033568177
13.71428571,0.05150717
14.42857143,0.050393254
14.42857143,0.043479315
16.42857143,0.051361014
17,0.042028827
17.42857143,0.037962376
16.85714286,0.053962601
17,0.058393981
17.6,0.052025727
17.42857143,0.055469315
17.14285714,0.05843955
17.14285714,0.060679113
16.57142857,0.070842817
19,0.047862299
17.57142857,0.06406373
18,0.06206006
16.71428571,0.069668253
16,0.079954944
17.85714286,0.08214457
16,0.080153454
16.42857143,0.076676806
15.16666667,0.074611518
9,0.072469523
13.57142857,0.077652602
10.57142857,0.072817872
9.142857143,0.062445961
15,0.049029466
12.85714286,0.072713609
10.28571429,0.074497229
8.571428571,0.066686499
4.75,0.042991581
8.285714286,0.041619233
10.42857143,0.078821535
8.571428571,0.078851148
10.71428571,0.083220794
12.71428571,0.056844232
8.285714286,0.070969338
12.42857143,0.072372767
10.57142857,0.072774686
7.285714286,0.085506111
11.57142857,0.07166778
12.71428571,0.062907925
13.14285714,0.08828636
13.66666667,0.075483009
11,0.059969345
11,0.063801556
12,0.07538218
11.8,0.066004753
11,0.059018488
12.28571429,0.06308028
12,0.072113062
13.28571429,0.05922474
14,0.067958843
16.14285714,0.062052653
16.85714286,0.065530244
16.42857143,0.066359215
17.66666667,0.070467673
15.85714286,0.053487045
16.85714286,0.071462563
19.28571429,0.081469131
18.16666667,0.085158354
17.57142857,0.081973748
16.71428571,0.095368347
17.42857143,0.092265396
18.85714286,0.086535101
18.5,0.088339665
18,0.071283626
18.28571429,0.08890153
19.14285714,0.099323372
18,0.094826894
16.57142857,0.092669648
19.14285714,0.102656583
17,0.101874056
14.85714286,0.093182149
9,0.083298906
8.285714286,0.088435892
7.142857143,0.089010564
6,0.074594767
3,0.065821114
10.28571429,0.093830194
6.285714286,0.101716729
8.285714286,0.078569731
3.4,0.044569786
10,0.052889568
11,0.087189035
13.14285714,0.086843833
8,0.086314875
13,0.105139809
6.571428571,0.070463587
11.71428571,0.090061135
10,0.100005839
14,0.103941138
11,0.101560436
12.85714286,0.087475849
11,0.092601096
10.8,0.080555876
13.85714286,0.091216707
10.71428571,0.095281614
11.85714286,0.106859472
10.85714286,0.099890724
12.57142857,0.101963873
13.28571429,0.104583816
12.85714286,0.101367667
12.42857143,0.100076347
13.33333333,0.085674482
14.85714286,0.113095648
14,0.114721267
16.14285714,0.102358165
18.6,0.097547373
15.85714286,0.071578175
16.85714286,0.08235901
16.85714286,0.104166797
18.71428571,0.103997947
18,0.101952707
17.14285714,0.109887845
16.85714286,0.105540424
16.71428571,0.109439357
18.25,0.114435177
16.71428571,0.104125597
15.85714286,0.113520023
17,0.119583695
15,0.125874981
14.28571429,0.107805026
15.57142857,0.116608697
14.57142857,0.112515483
16.57142857,0.096730106
16.5,0.090127594
10.71428571,0.105392581
11.14285714,0.110211351
10.71428571,0.101156752
9.75,0.073113527
11.85714286,0.099778249
12.28571429,0.115736104
6.428571429,0.097180937
6.428571429,0.06260022
5,0.141695339
0.285714286,0.181024355
7.285714286,0.167635616
6.2,0.178472231
8.571428571,0.132473528
6.142857143,0.145856832
7.142857143,0.169780016
6.4,0.157209358
10.28571429,0.15421986
10.85714286,0.160587177
11.14285714,0.130563939
11.85714286,0.139364201
14,0.1438437
9.571428571,0.144919367
7.714285714,0.148531028
12,0.149127479
12.66666667,0.142565267
13.14285714,0.137118994
13.85714286,0.124176309
13.42857143,0.132226805
14.5,0.101021732
14,0.140089122
14.42857143,0.150636895
14.57142857,0.135265798
16.42857143,0.159977392
17,0.140253706
17.28571429,0.102850874
15.85714286,0.155268131
16.42857143,0.142272822
14.25,0.132259384
14.14285714,0.133263717
15.85714286,0.127910532
15.57142857,0.1258087
16.85714286,0.145633631
18.28571429,0.117325163
16.42857143,0.13809592
16.28571429,0.132686364
12.57142857,0.154919457
14.5,0.166699199
12.71428571,0.166915917
11.57142857,0.160027489
13.57142857,0.174500027
11.8,0.157939264
11.57142857,0.156378736
12.85714286,0.179636447
12,0.170496727
9.714285714,0.137013544
6.857142857,0.110269389
4.428571429,0.174047558
8.571428571,0.138693816
6,0.106709238
9.333333333,0.084967363
9.142857143,0.115233172
3.857142857,0.138224045
9.857142857,0.12148542
12,0.128598066
9,0.105785478
11.14285714,0.141672546
11.71428571,0.136405765
12.83333333,0.130360581
12.28571429,0.131769231
11.57142857,0.11732962
12.14285714,0.10796194
11.71428571,0.108401149
11,0.103207287
10.28571429,0.105261668
11.85714286,0.099401297
12.28571429,0.097497365
10,0.110869221
11.42857143,0.113333159
9.285714286,0.107900205
13,0.115894332
15.28571429,0.09122084
13.71428571,0.109219123
14.42857143,0.109432197
14.42857143,0.097824538
16.42857143,0.103298374
17,0.104142557
17.42857143,0.069549702
16.85714286,0.097462931
17,0.109023031
17.6,0.116217662
17.42857143,0.112684387
17.14285714,0.113673675
17.14285714,0.107978788
16.57142857,0.104822004
19,0.086264592
17.57142857,0.10497559
18,0.105636634
16.71428571,0.110736364
16,0.117786984
17.85714286,0.109489395
16,0.121441201
16.42857143,0.108089448
15.16666667,0.107167083
9,0.104615109
13.57142857,0.120496271
10.57142857,0.112548366
9.142857143,0.102071806
15,0.076863487
12.85714286,0.121744214
10.28571429,0.12888563
8.571428571,0.098723159
4.75,0.06204672
8.285714286,0.077791138
10.42857143,0.138828667
8.571428571,0.120081938
10.71428571,0.135257379
12.71428571,0.096910392
8.285714286,0.123407097
12.42857143,0.129812203
10.57142857,0.128920321
7.285714286,0.127328876
11.57142857,0.120103812
12.71428571,0.105098049
13.14285714,0.104178778
13.66666667,0.100400777
11,0.091030671
11,0.097957838
12,0.103627779
11.8,0.105289103
11,0.092018992
12.28571429,0.110781557
12,0.100200032
13.28571429,0.090748644
14,0.094918646
16.14285714,0.097317134
16.85714286,0.099517268
16.42857143,0.093903309
17.66666667,0.094335833
15.85714286,0.066952121
16.85714286,0.108648204
19.28571429,0.09783102
18.16666667,0.103060651
17.57142857,0.112967693
16.71428571,0.103841215
17.42857143,0.109575522
18.85714286,0.107938217
18.5,0.106967083
18,0.089447758
18.28571429,0.106074776
19.14285714,0.107995971
18,0.098084822
16.57142857,0.113814951
19.14285714,0.105851781
17,0.112777959
14.85714286,0.109320171
9,0.101110433
8.285714286,0.118819735
7.142857143,0.118407984
6,0.11054082
3,0.075714522
10.28571429,0.13125743
6.285714286,0.12599324
8.285714286,0.104245433
3.4,0.067104076
10,0.070927316
11,0.135166014
13.14285714,0.129027875
8,0.137070531
13,0.138522125
6.571428571,0.099352809
11.71428571,0.12064783
10,0.123751305
14,0.128982991
11,0.134566599
12.85714286,0.126581467
11,0.105819693
10.8,0.110495432
13.85714286,0.127017207
10.71428571,0.121291167
11.85714286,0.112814746
10.85714286,0.116464628
12.57142857,0.117347354
13.28571429,0.117233958
12.85714286,0.126609607
12.42857143,0.118044746
13.33333333,0.096734229
14.85714286,0.110323637
14,0.118954866
16.14285714,0.098411963
18.6,0.113735935
15.85714286,0.085484263
16.85714286,0.095766219
16.85714286,0.123029813
18.71428571,0.129757842
18,0.138799214
17.14285714,0.136838272
16.85714286,0.141918301
16.71428571,0.131318845
18.25,0.137452722
16.71428571,0.118858464
15.85714286,0.136267011
17,0.144740282
15,0.142434663
14.28571429,0.136129963
15.57142857,0.142380655
14.57142857,0.134310655
16.57142857,0.137720338
16.5,0.132030847
10.71428571,0.128629302
11.14285714,0.140521432
10.71428571,0.126096216
9.75,0.088322236
11.85714286,0.150381101
12.28571429,0.142352388
6.428571429,0.135825735
6.428571429,0.091595391
5,0.185179348
0.285714286,0.128759294
7.285714286,0.125162167
6.2,0.1600179
8.571428571,0.151317184
6.142857143,0.158283847
7.142857143,0.122664039
6.4,0.104331965
10.28571429,0.11761984
10.85714286,0.126808235
11.14285714,0.128890648
11.85714286,0.104420219
14,0.159776052
9.571428571,0.153322036
7.714285714,0.149116955
12,0.153436654
12.66666667,0.138392975
13.14285714,0.225148403
13.85714286,0.176235074
13.42857143,0.173193359
14.5,0.123214361
14,0.160577433
14.42857143,0.131926439
14.57142857,0.155474539
16.42857143,0.163873125
17,0.164916838
17.28571429,0.137778622
15.85714286,0.122566753
16.42857143,0.114683162
14.25,0.159126313
14.14285714,0.187689422
15.85714286,0.173847213
15.57142857,0.176740083
16.85714286,0.153322877
18.28571429,0.139981752
16.42857143,0.184767353
16.28571429,0.214241441
12.57142857,0.121847958
14.5,0.11463169
12.71428571,0.110458706
11.57142857,0.14287185
13.57142857,0.106971561
11.8,0.083925897
11.57142857,0.092744859
12.85714286,0.118639227
12,0.144042441
9.714285714,0.109256593
6.857142857,0.145540262
4.428571429,0.107480796
8.571428571,0.114825624
6,0.145253828
9.333333333,0.208904378
9.142857143,0.19245823
3.857142857,0.095652642
9.857142857,0.124547814
12,0.146615689
9,0.137109232
11.14285714,0.140686859
11.71428571,0.11369
12.83333333,0.105146518
12.28571429,0.09618291
11.57142857,0.139979562
12.14285714,0.135223694
11.71428571,0.129608425
11,0.097675406
10.28571429,0.110780565
11.85714286,0.099387932
12.28571429,0.142655329
10,0.130875567
11.42857143,0.139800555
9.285714286,0.197494875
13,0.151986754
15.28571429,0.126547559
13.71428571,0.130415094
14.42857143,0.139107937
14.42857143,0.204705856
16.42857143,0.137894007
17,0.140378488
17.42857143,0.147589309
16.85714286,0.134251307
17,0.144219767
17.6,0.101670195
17.42857143,0.076341118
17.14285714,0.120321237
17.14285714,0.132545281
16.57142857,0.131406693
19,0.113581817
17.57142857,0.125109039
18,0.115712592
16.71428571,0.103719392
16,0.08676046
17.85714286,0.094430603
16,0.121573111
16.42857143,0.113434488
15.16666667,0.100088107
9,0.078798616
13.57142857,0.135748537
10.57142857,0.091609209
9.142857143,0.103047204
15,0.154645187
12.85714286,0.092544602
10.28571429,0.098618627
8.571428571,0.107455471
4.75,0.152432006
8.285714286,0.143501905
10.42857143,0.102854429
8.571428571,0.09779509
10.71428571,0.101543423
12.71428571,0.119737134
8.285714286,0.125118379
12.42857143,0.114915878
10.57142857,0.074571553
7.285714286,0.08447214
11.57142857,0.15000455
12.71428571,0.103495143
13.14285714,0.105288069
13.66666667,0.121545519
11,0.154668013
11,0.11602801
12,0.136510327
11.8,0.122105683
11,0.149829853
12.28571429,0.12569565
12,0.121329673
13.28571429,0.103417392
14,0.101275239
16.14285714,0.124912304
16.85714286,0.118374116
16.42857143,0.150033334
17.66666667,0.142574916
15.85714286,0.136134796
16.85714286,0.132600563
19.28571429,0.130804811
18.16666667,0.129185476
17.57142857,0.156456878
16.71428571,0.160809599
17.42857143,0.180913485
18.85714286,0.146917003
18.5,0.121640168
18,0.136599793
18.28571429,0.152848976
19.14285714,0.148580599
18,0.135443058
16.57142857,0.151428128
19.14285714,0.127951024
17,0.137906591
14.85714286,0.099082723
9,0.116437135
8.285714286,0.118280501
7.142857143,0.088314224
6,0.105055088
3,0.140591999
10.28571429,0.09515261
6.285714286,0.09888836
8.285714286,0.115892506
3.4,0.173667598
10,0.139775669
11,0.092628603
13.14285714,0.096497915
8,0.095044791
13,0.120060365
6.571428571,0.121093753
11.71428571,0.093679383
10,0.101155053
14,0.095859679
11,0.100180558
12.85714286,0.117751686
11,0.123426577
10.8,0.145430472
13.85714286,0.137143114
10.71428571,0.120033485
11.85714286,0.110903942
10.85714286,0.099712276
12.57142857,0.117208146
13.28571429,0.138374381
12.85714286,0.114212654
12.42857143,0.111716867
13.33333333,0.115563707
14.85714286,0.174346362
14,0.119681408
16.14285714,0.141176605
18.6,0.132812994
15.85714286,0.166695594
16.85714286,0.172396818
16.85714286,0.146271635
18.71428571,0.154488611
18,0.142113666
17.14285714,0.105914297
16.85714286,0.141797463
16.71428571,0.127816126
18.25,0.116537979
16.71428571,0.172485558
15.85714286,0.162837713
17,0.130028273
15,0.115599537
14.28571429,0.09636221
15.57142857,0.108721598
14.57142857,0.083339029
16.57142857,0.100028147
16.5,0.095085101
10.71428571,0.106760215
11.14285714,0.126171252
10.71428571,0.11710455
9.75,0.150462858
11.85714286,0.120234179
12.28571429,0.090705703
6.428571429,0.103086656
6.428571429,0.164058662
5,0.131413795
0.285714286,0.063473783
7.285714286,0.07080359
6.2,0.0743768
8.571428571,0.06587466
6.142857143,0.077527178
7.142857143,0.072774699
6.4,0.062614835
10.28571429,0.0877748
10.85714286,0.070423157
11.14285714,0.065997137
11.85714286,0.082815543
14,0.077201885
9.571428571,0.093506419
7.714285714,0.062528214
12,0.090042413
12.66666667,0.134850806
13.14285714,0.078461135
13.85714286,0.073699592
13.42857143,0.089875012
14.5,0.157783824
14,0.117797217
14.42857143,0.104177478
14.57142857,0.064941777
16.42857143,0.0830934
17,0.090551265
17.28571429,0.109607569
15.85714286,0.082689559
16.42857143,0.127551273
14.25,0.069425143
14.14285714,0.054595955
15.85714286,0.068607729
15.57142857,0.064624918
16.85714286,0.086718821
18.28571429,0.109759089
16.42857143,0.080098802
16.28571429,0.105151317
12.57142857,0.051263137
14.5,0.078808323
12.71428571,0.149412921
11.57142857,0.121190358
13.57142857,0.103374645
11.8,0.12055363
11.57142857,0.080055068
12.85714286,0.150112948
12,0.141002431
9.714285714,0.089032107
6.857142857,0.191715066
4.428571429,0.096230229
8.571428571,0.093231232
6,0.113107862
9.333333333,0.219858161
9.142857143,0.195272501
3.857142857,0.114302761
9.857142857,0.121218422
12,0.097486521
9,0.10399164
11.14285714,0.120747311
11.71428571,0.142167644
12.83333333,0.164662987
12.28571429,0.10853904
11.57142857,0.151877164
12.14285714,0.120858342
11.71428571,0.149141168
11,0.222110896
10.28571429,0.15691232
11.85714286,0.12972958
12.28571429,0.12542815
10,0.205624331
11.42857143,0.155899938
9.285714286,0.135121879
13,0.144038258
15.28571429,0.124505863
13.71428571,0.132035178
14.42857143,0.156525942
14.42857143,0.117943297
16.42857143,0.124683766
17,0.094402137
17.42857143,0.129194187
16.85714286,0.105424079
17,0.09427794
17.6,0.132381781
17.42857143,0.098897458
17.14285714,0.127207001
17.14285714,0.122951535
16.57142857,0.15308885
19,0.171591109
17.57142857,0.13422214
18,0.131024875
16.71428571,0.125864695
16,0.153559799
17.85714286,0.098760552
16,0.108635619
16.42857143,0.110382726
15.16666667,0.085323672
9,0.098834936
13.57142857,0.100638666
10.57142857,0.137399925
9.142857143,0.156032447
15,0.16851533
12.85714286,0.089907889
10.28571429,0.084363595
8.571428571,0.100999011
4.75,0.200724077
8.285714286,0.202116182
10.42857143,0.108010854
8.571428571,0.099646883
10.71428571,0.148076556
12.71428571,0.095769015
8.285714286,0.137595815
12.42857143,0.168144274
10.57142857,0.128649543
7.285714286,0.12667269
11.57142857,0.123681665
12.71428571,0.149018775
13.14285714,0.107002286
13.66666667,0.222613675
11,0.109551227
11,0.111975359
12,0.083083648
11.8,0.123782838
11,0.150337139
12.28571429,0.118337271
12,0.122130625
13.28571429,0.119156121
14,0.130071901
16.14285714,0.119434329
16.85714286,0.101621788
16.42857143,0.129255823
17.66666667,0.163175766
15.85714286,0.133627978
16.85714286,0.10692273
19.28571429,0.116971211
18.16666667,0.183164417
17.57142857,0.111346998
16.71428571,0.15095155
17.42857143,0.17152287
18.85714286,0.115226373
18.5,0.123228161
18,0.136184166
18.28571429,0.153316671
19.14285714,0.108541625
18,0.133822245
16.57142857,0.11948184
19.14285714,0.118363243
17,0.093166142
14.85714286,0.132201602
9,0.086124512
8.285714286,0.085910942
7.142857143,0.098158596
6,0.168501835
3,0.146917904
10.28571429,0.100974703
6.285714286,0.065200384
8.285714286,0.062521772
3.4,0.200660268
10,0.17022084
11,0.059776293
13.14285714,0.089511874
8,0.079935469
13,0.064450112
6.571428571,0.072041638
11.71428571,0.108474095
10,0.13355498
14,0.095671844
11,0.079492811
12.85714286,0.092384416
11,0.114152766
10.8,0.096798592
13.85714286,0.110584316
10.71428571,0.127304795
11.85714286,0.126938603
10.85714286,0.113260864
12.57142857,0.104719273
13.28571429,0.101133869
12.85714286,0.098777309
12.42857143,0.127976611
13.33333333,0.120823937
14.85714286,0.122059408
14,0.122182865
16.14285714,0.111511247
18.6,0.129330107
15.85714286,0.102847179
16.85714286,0.115763339
16.85714286,0.079882064
18.71428571,0.113099999
18,0.103949366
17.14285714,0.134453888
16.85714286,0.0644948
16.71428571,0.083218337
18.25,0.088273633
16.71428571,0.09228128
15.85714286,0.107211813
17,0.095640725
15,0.091012128
14.28571429,0.160483279
15.57142857,0.087012524
14.57142857,0.101274481
16.57142857,0.129524673
16.5,0.068064766
10.71428571,0.123755978
11.14285714,0.114978194
10.71428571,0.064437027
9.75,0.110380795
11.85714286,0.065518345
12.28571429,0.034041558
6.428571429,0.046209124
6.428571429,0.140104736
5,0.139089382
0.285714286,0.134592891
7.285714286,0.122279135
6.2,0.165877086
8.571428571,0.139299238
6.142857143,0.128484859
7.142857143,0.142199516
6.4,0.129830769
10.28571429,0.129340353
10.85714286,0.118934142
11.14285714,0.127826317
11.85714286,0.127284304
14,0.100139303
9.571428571,0.109049017
7.714285714,0.119751631
12,0.138309668
12.66666667,0.137298952
13.14285714,0.11789311
13.85714286,0.124463071
13.42857143,0.148852075
14.5,0.126288602
14,0.110545334
14.42857143,0.105926853
14.57142857,0.112872673
16.42857143,0.132332675
17,0.132120193
17.28571429,0.124845692
15.85714286,0.105003372
16.42857143,0.140592441
14.25,0.093640825
14.14285714,0.106056256
15.85714286,0.098572755
15.57142857,0.118504949
16.85714286,0.131800857
18.28571429,0.123723158
16.42857143,0.154227344
16.28571429,0.128751458
12.57142857,0.115081859
14.5,0.122681426
12.71428571,0.117158878
11.57142857,0.114665613
13.57142857,0.122307393
11.8,0.140455115
11.57142857,0.146374113
12.85714286,0.110794692
12,0.128436093
9.714285714,0.128020229
6.857142857,0.136878606
4.428571429,0.121032272
8.571428571,0.134373643
6,0.131095065
9.333333333,0.120576675
9.142857143,0.130968291
3.857142857,0.143588488
9.857142857,0.132086747
12,0.189417489
9,0.156818383
11.14285714,0.148205719
11.71428571,0.144314779
12.83333333,0.139737872
12.28571429,0.142037007
11.57142857,0.130001134
12.14285714,0.138498508
11.71428571,0.122931736
11,0.143691101
10.28571429,0.180384739
11.85714286,0.138633493
12.28571429,0.117314129
10,0.129241226
11.42857143,0.106221657
9.285714286,0.107405395
13,0.172573162
15.28571429,0.159294631
13.71428571,0.134977695
14.42857143,0.12431974
14.42857143,0.119834293
16.42857143,0.112025331
17,0.143525519
17.42857143,0.129049144
16.85714286,0.116123739
17,0.12374152
17.6,0.149348364
17.42857143,0.115245346
17.14285714,0.13645989
17.14285714,0.112020465
16.57142857,0.118929378
19,0.113659032
17.57142857,0.141403239
18,0.101956447
16.71428571,0.108168481
16,0.112851199
17.85714286,0.115186135
16,0.132666608
16.42857143,0.163480656
15.16666667,0.145754534
9,0.133207919
13.57142857,0.140146723
10.57142857,0.18123911
9.142857143,0.142201854
15,0.135524855
12.85714286,0.147829436
10.28571429,0.119631091
8.571428571,0.12329334
4.75,0.126954585
8.285714286,0.148449674
10.42857143,0.164938857
8.571428571,0.161652152
10.71428571,0.17687911
12.71428571,0.130357511
8.285714286,0.146304509
12.42857143,0.120260245
10.57142857,0.140657211
7.285714286,0.131271049
11.57142857,0.146005626
12.71428571,0.101476588
13.14285714,0.104339343
13.66666667,0.138546429
11,0.133238748
11,0.116159691
12,0.133565354
11.8,0.140490455
11,0.123275378
12.28571429,0.117899449
12,0.117874058
13.28571429,0.120182427
14,0.093168968
16.14285714,0.096553919
16.85714286,0.121206114
16.42857143,0.112175971
17.66666667,0.106165591
15.85714286,0.113194545
16.85714286,0.130462664
19.28571429,0.132194311
18.16666667,0.105636849
17.57142857,0.098804581
16.71428571,0.100320396
17.42857143,0.129020314
18.85714286,0.10765784
18.5,0.093113506
18,0.098012227
18.28571429,0.104359779
19.14285714,0.13388424
18,0.135197256
16.57142857,0.117538568
19.14285714,0.118997242
17,0.103093927
14.85714286,0.103403727
9,0.123016527
8.285714286,0.124991785
7.142857143,0.185320557
6,0.151657317
3,0.150561928
10.28571429,0.138289095
6.285714286,0.153552002
8.285714286,0.14757897
3.4,0.147083145
10,0.146226632
11,0.132415009
13.14285714,0.138052891
8,0.123858838
13,0.117006067
6.571428571,0.14500502
11.71428571,0.136411232
10,0.109316278
14,0.143071971
11,0.147447633
12.85714286,0.119320885
11,0.136500915
10.8,0.131480863
13.85714286,0.111842734
10.71428571,0.116196211
11.85714286,0.102960286
10.85714286,0.094739183
12.57142857,0.111439554
13.28571429,0.093668843
12.85714286,0.100603049
12.42857143,0.101413937
13.33333333,0.101583477
14.85714286,0.093194765
14,0.08676497
16.14285714,0.083674598
18.6,0.072638596
15.85714286,0.095476663
16.85714286,0.078272976
16.85714286,0.071951585
18.71428571,0.078124811
18,0.076449909
17.14285714,0.068709189
16.85714286,0.072893705
16.71428571,0.075718865
18.25,0.068613043
16.71428571,0.072986703
15.85714286,0.076522081
17,0.072041005
15,0.072145018
14.28571429,0.084735238
15.57142857,0.07893328
14.57142857,0.080399035
16.57142857,0.077084471
16.5,0.090079419
10.71428571,0.083358013
11.14285714,0.06726624
10.71428571,0.074250656
9.75,0.086952318
11.85714286,0.076717444
12.28571429,0.076814072
6.428571429,0.073561233
6.428571429,0.084454331
5,0.087411167
0.285714286,0.078443949
7.285714286,0.07031553
6.2,0.102161884
8.571428571,0.077118966
6.142857143,0.080585725
7.142857143,0.086667422
6.4,0.075430729
10.28571429,0.07086718
10.85714286,0.074217982
11.14285714,0.078677372
11.85714286,0.061614376
14,0.061541069
9.571428571,0.066093328
7.714285714,0.073494084
12,0.087214013
12.66666667,0.079270985
13.14285714,0.068620733
13.85714286,0.071598175
13.42857143,0.092754531
14.5,0.080557951
14,0.080697682
14.42857143,0.087998065
14.57142857,0.087276911
16.42857143,0.104604796
17,0.10310251
17.28571429,0.097600634
15.85714286,0.08071591
16.42857143,0.087898909
14.25,0.078644034
14.14285714,0.084236745
15.85714286,0.081453037
15.57142857,0.089713784
16.85714286,0.084474243
18.28571429,0.076293153
16.42857143,0.095982388
16.28571429,0.086198202
12.57142857,0.087743674
14.5,0.083426671
12.71428571,0.0903406
11.57142857,0.08072115
13.57142857,0.092353975
11.8,0.110942928
11.57142857,0.116377776
12.85714286,0.090232102
12,0.104734754
9.714285714,0.098617566
6.857142857,0.11259648
4.428571429,0.09818034
8.571428571,0.109971435
6,0.095503347
9.333333333,0.073846044
9.142857143,0.086575407
3.857142857,0.101925123
9.857142857,0.091015899
12,0.151292621
9,0.098600084
11.14285714,0.103908276
11.71428571,0.089175261
12.83333333,0.096614793
12.28571429,0.096217548
11.57142857,0.079189969
12.14285714,0.080486872
11.71428571,0.078808801
11,0.089327432
10.28571429,0.121618044
11.85714286,0.091860341
12.28571429,0.064270816
10,0.06951075
11.42857143,0.05880551
9.285714286,0.066685445
13,0.109014703
15.28571429,0.098404469
13.71428571,0.080917602
14.42857143,0.07840272
14.42857143,0.072711514
16.42857143,0.069311621
17,0.091958924
17.42857143,0.079160098
16.85714286,0.082940852
17,0.081056856
17.6,0.09526193
17.42857143,0.083380303
17.14285714,0.084455159
17.14285714,0.068403759
16.57142857,0.074967374
19,0.068952209
17.57142857,0.091919661
18,0.059361648
16.71428571,0.063320253
16,0.073957246
17.85714286,0.070680792
16,0.087521426
16.42857143,0.101685842
15.16666667,0.093803609
9,0.088908687
13.57142857,0.093291353
10.57142857,0.117636561
9.142857143,0.089101952
15,0.086646768
12.85714286,0.087800225
10.28571429,0.065593135
8.571428571,0.070930742
4.75,0.078685871
8.285714286,0.089247504
10.42857143,0.099535982
8.571428571,0.105469656
10.71428571,0.107072853
12.71428571,0.073399283
8.285714286,0.086136089
12.42857143,0.06692508
10.57142857,0.076453715
7.285714286,0.072177977
11.57142857,0.086582964
12.71428571,0.055979365
13.14285714,0.051886758
13.66666667,0.081156658
11,0.071488814
11,0.069115202
12,0.082176972
11.8,0.090274639
11,0.063514969
12.28571429,0.065375501
12,0.063126103
13.28571429,0.062292294
14,0.046040978
16.14285714,0.052402435
16.85714286,0.054254049
16.42857143,0.054146813
17.66666667,0.059750808
15.85714286,0.056536098
16.85714286,0.078764819
19.28571429,0.075234948
18.16666667,0.065318827
17.57142857,0.053371594
16.71428571,0.05481244
17.42857143,0.075290821
18.85714286,0.05836361
18.5,0.047398013
18,0.049842783
18.28571429,0.05899815
19.14285714,0.07765548
18,0.081754413
16.57142857,0.072706002
19.14285714,0.069777594
17,0.063344712
14.85714286,0.064558973
9,0.080980175
8.285714286,0.080138273
7.142857143,0.102660161
6,0.081964971
3,0.096556012
10.28571429,0.086017298
6.285714286,0.08757227
8.285714286,0.080835055
3.4,0.080161697
10,0.06945358
11,0.069795478
13.14285714,0.070516991
8,0.071044256
13,0.061563012
6.571428571,0.066657428
11.71428571,0.066891777
10,0.059247679
14,0.069442283
11,0.070051121
12.85714286,0.062086255
11,0.06477055
10.8,0.065124262
13.85714286,0.050324708
10.71428571,0.056037479
11.85714286,0.04215698
10.85714286,0.042601245
12.57142857,0.05042308
13.28571429,0.037914896
12.85714286,0.04762518
12.42857143,0.0433209
13.33333333,0.043624121
14.85714286,0.045744746
14,0.045064323
16.14285714,0.043963156
18.6,0.037172336
15.85714286,0.050124132
16.85714286,0.036587024
16.85714286,0.034842366
18.71428571,0.040938155
18,0.039949569
17.14285714,0.039544857
16.85714286,0.034379234
16.71428571,0.040116137
18.25,0.033962292
16.71428571,0.039909098
15.85714286,0.03426065
17,0.032780531
15,0.03223125
14.28571429,0.044510413
15.57142857,0.037078595
14.57142857,0.04181129
16.57142857,0.045354492
16.5,0.049076786
10.71428571,0.049840461
11.14285714,0.035542027
10.71428571,0.049021128
9.75,0.052144449
11.85714286,0.050949552
12.28571429,0.051149939
6.428571429,0.044505423
6.428571429,0.057124681
5,0.061647064
0.285714286,0.055310339
7.285714286,0.052915225
6.2,0.063885435
8.571428571,0.051796497
6.142857143,0.067484978
7.142857143,0.05585479
6.4,0.0552301
10.28571429,0.05772778
10.85714286,0.060239756
11.14285714,0.065166172
11.85714286,0.065768606
14,0.057752306
9.571428571,0.066075815
7.714285714,0.068104896
12,0.062244677
12.66666667,0.062246329
13.14285714,0.055072583
13.85714286,0.061426233
13.42857143,0.060563147
14.5,0.062600674
14,0.067311869
14.42857143,0.06366061
14.57142857,0.064615198
16.42857143,0.066595796
17,0.056131197
17.28571429,0.062373796
15.85714286,0.06041012
16.42857143,0.056673327
14.25,0.062544842
14.14285714,0.058273409
15.85714286,0.06311776
15.57142857,0.06343619
16.85714286,0.06370527
18.28571429,0.060093803
16.42857143,0.064342823
16.28571429,0.054711058
12.57142857,0.062278242
14.5,0.061479016
12.71428571,0.065172016
11.57142857,0.062826541
13.57142857,0.066765495
11.8,0.065857807
11.57142857,0.064663796
12.85714286,0.058736129
12,0.060971655
9.714285714,0.06150683
6.857142857,0.068157794
4.428571429,0.066527594
8.571428571,0.056976184
6,0.069474508
9.333333333,0.067372601
9.142857143,0.05537552
3.857142857,0.057718606
9.857142857,0.058125375
12,0.057264878
9,0.068018521
11.14285714,0.066293192
11.71428571,0.069034786
12.83333333,0.066309641
12.28571429,0.070662155
11.57142857,0.062897395
12.14285714,0.069742013
11.71428571,0.068983906
11,0.064166597
10.28571429,0.063110307
11.85714286,0.058394931
12.28571429,0.057146258
10,0.06581946
11.42857143,0.059322967
9.285714286,0.060103783
13,0.063776459
15.28571429,0.068704006
13.71428571,0.063393863
14.42857143,0.062900997
14.42857143,0.05985498
16.42857143,0.06209749
17,0.054259068
17.42857143,0.063561145
16.85714286,0.055616839
17,0.060874139
17.6,0.060542675
17.42857143,0.062740164
17.14285714,0.060243096
17.14285714,0.065362831
16.57142857,0.063578064
19,0.058803831
17.57142857,0.062136577
18,0.058774288
16.71428571,0.064603578
16,0.059619466
17.85714286,0.069573329
16,0.067274673
16.42857143,0.062453761
15.16666667,0.065449512
9,0.069995155
13.57142857,0.072620728
10.57142857,0.06905042
9.142857143,0.07503748
15,0.0746942
12.85714286,0.070525193
10.28571429,0.074086414
8.571428571,0.075420484
4.75,0.061450103
8.285714286,0.068001789
10.42857143,0.065964135
8.571428571,0.067143374
10.71428571,0.06630858
12.71428571,0.070308715
8.285714286,0.066424605
12.42857143,0.065267004
10.57142857,0.060928469
7.285714286,0.067102444
11.57142857,0.060174787
12.71428571,0.062839194
13.14285714,0.063086898
13.66666667,0.066258508
11,0.061517904
11,0.067042695
12,0.067535157
11.8,0.065260834
11,0.060132598
12.28571429,0.066929317
12,0.065211509
13.28571429,0.066789703
14,0.059435473
16.14285714,0.059214928
16.85714286,0.061798121
16.42857143,0.05686385
17.66666667,0.055798761
15.85714286,0.061749573
16.85714286,0.05881859
19.28571429,0.058875367
18.16666667,0.05822423
17.57142857,0.061967066
16.71428571,0.057473784
17.42857143,0.059961737
18.85714286,0.059444856
18.5,0.059992635
18,0.061516839
18.28571429,0.056969494
19.14285714,0.062926698
18,0.060569983
16.57142857,0.052648166
19.14285714,0.050584661
17,0.054476168
14.85714286,0.054218512
9,0.060224878
8.285714286,0.052552522
7.142857143,0.057169062
6,0.057612615
3,0.061377291
10.28571429,0.052034345
6.285714286,0.051174209
8.285714286,0.054173233
3.4,0.049798457
10,0.052473029
11,0.054192496
13.14285714,0.06188134
8,0.053052067
13,0.053701356
6.571428571,0.056312393
11.71428571,0.051203208
10,0.04767742
14,0.049697249
11,0.04766379
12.85714286,0.045475113
11,0.053797002
10.8,0.047124777
13.85714286,0.045416373
10.71428571,0.043098667
11.85714286,0.04130625
10.85714286,0.041992848
12.57142857,0.043526701
13.28571429,0.037837877
12.85714286,0.038774185
12.42857143,0.042503804
13.33333333,0.044774833
14.85714286,0.040948229
14,0.042200371
16.14285714,0.041592798
18.6,0.038954334
15.85714286,0.046705407
16.85714286,0.039667783
16.85714286,0.042186213
18.71428571,0.040388145
18,0.039289679
17.14285714,0.037844511
16.85714286,0.038178544
16.71428571,0.038609293
18.25,0.034087419
16.71428571,0.039090828
15.85714286,0.037458776
17,0.038712773
15,0.03421908
14.28571429,0.035723788
15.57142857,0.038544457
14.57142857,0.040146044
16.57142857,0.04139578
16.5,0.041907056
10.71428571,0.040911265
11.14285714,0.03988379
10.71428571,0.043210558
9.75,0.043027934
11.85714286,0.038645422
12.28571429,0.041187247
6.428571429,0.037068909
6.428571429,0.036973076
